Date,ADA,BNB,BTC,DASH,ETH,LINK,LTC,XRP,mean
2022-12-01 04:00:00,0.8149409,330.74973,27392.541,61.03565,2185.9812,11.658775,88.884254,0.51891613,3759.023
2022-12-01 08:00:00,0.8149109,332.6934,27401.965,61.155933,2184.6033,11.656002,88.92955,0.51875365,3760.292
2022-12-01 12:00:00,0.8136955,325.7883,27645.777,61.93334,2180.652,11.698458,89.52844,0.51879954,3789.5889
2022-12-01 16:00:00,0.81445736,325.20428,27383.113,62.19733,2178.6687,11.709745,88.70941,0.5185957,3756.3667
2022-12-01 20:00:00,0.81426555,327.91556,27285.145,61.76404,2178.118,11.709333,89.49487,0.51807326,3744.4346
2022-12-02 00:00:00,0.8134152,325.6719,27379.562,61.476772,2187.6218,11.674364,88.3982,0.5185169,3756.967
2022-12-02 04:00:00,0.8139141,324.15408,27328.117,61.23585,2185.3035,11.660213,88.33325,0.517903,3750.0168
2022-12-02 08:00:00,0.8148172,327.63867,27351.742,61.31294,2187.7393,11.683636,88.7451,0.5176197,3753.774
2022-12-02 12:00:00,0.8146911,325.3478,27482.941,61.46565,2188.4116,11.673212,88.44856,0.5172967,3769.9526
2022-12-02 16:00:00,0.8157927,326.4878,27335.867,61.65765,2189.1785,11.66901,88.66387,0.51737016,3751.8572
2022-12-02 20:00:00,0.8162912,328.5812,27329.184,61.5135,2193.0596,11.684687,89.467896,0.5177001,3751.8533
2022-12-03 00:00:00,0.81555796,329.09302,27397.188,61.730366,2204.4104,11.626297,89.294044,0.51890016,3761.8347
2022-12-03 04:00:00,0.8156488,326.79214,27352.508,61.021137,2195.0325,11.58737,88.97207,0.5178994,3754.6558
2022-12-03 08:00:00,0.81568885,326.76993,27330.148,60.857353,2182.236,11.581787,88.75615,0.5180037,3750.2104
2022-12-03 12:00:00,0.8173603,327.9227,27290.547,60.798077,2182.7698,11.5877,88.759346,0.51835674,3745.4653
2022-12-03 16:00:00,0.8183003,328.06943,27250.033,60.86639,2183.0168,11.556412,88.241425,0.51827914,3740.3901
2022-12-03 20:00:00,0.8170549,327.47815,27285.504,60.728336,2171.7544,11.5055485,88.4995,0.51753205,3743.3506
2022-12-04 00:00:00,0.816754,328.54736,27439.24,60.795624,2172.9407,11.4706135,88.884964,0.5188001,3762.9019
2022-12-04 04:00:00,0.81703126,328.23267,27364.5,60.60926,2178.525,11.52445,88.70499,0.51834273,3754.1787
2022-12-04 08:00:00,0.81698364,326.6795,27339.613,60.25946,2178.0195,11.522848,88.45979,0.51822186,3750.736
2022-12-04 12:00:00,0.81681615,326.09503,27385.516,60.269135,2176.368,11.517269,88.48695,0.51822007,3756.1982
2022-12-04 16:00:00,0.81782913,327.7895,27400.42,60.340458,2183.8337,11.534047,88.78053,0.5184084,3759.2544
2022-12-04 20:00:00,0.81834817,328.72778,27394.354,60.285595,2193.7273,11.56175,89.14921,0.5184325,3759.8923
2022-12-05 00:00:00,0.81742847,330.92593,27643.877,60.84597,2202.033,11.5542755,89.6698,0.5205715,3792.5308
2022-12-05 04:00:00,0.81804335,331.80695,27592.227,62.523094,2208.8684,11.587145,93.41677,0.5207781,3787.7214
2022-12-05 08:00:00,0.8190517,331.72354,27551.604,62.53625,2209.7947,11.590063,93.36939,0.5207079,3782.7449
2022-12-05 12:00:00,0.818117,328.20538,27525.354,62.662727,2196.9905,11.533482,93.058,0.5206119,3777.3928
2022-12-05 16:00:00,0.8163081,324.81216,27470.256,62.67118,2181.0513,11.441834,91.46535,0.51995164,3767.8794
2022-12-05 20:00:00,0.81669134,325.83148,27373.957,62.59583,2178.594,11.437408,91.21325,0.5203171,3755.6206
2022-12-06 00:00:00,0.81702435,327.58905,27410.398,63.065346,2187.1052,11.42637,92.22427,0.5211072,3761.6433
2022-12-06 04:00:00,0.81701505,326.82315,27361.248,62.729465,2189.5645,11.441225,91.76404,0.52054894,3755.6138
2022-12-06 08:00:00,0.8160188,326.57062,27401.729,62.48727,2182.4258,11.424442,91.04646,0.5205811,3759.6277
2022-12-06 12:00:00,0.8159657,326.23398,27484.336,62.44029,2180.6326,11.424246,90.77791,0.52096665,3769.6475
2022-12-06 16:00:00,0.8159559,325.92526,27425.158,62.151634,2179.1865,11.373656,90.15282,0.5212079,3761.9106
2022-12-06 20:00:00,0.8165572,327.54953,27372.252,61.95438,2185.076,11.331055,90.741806,0.5211939,3756.2803
2022-12-07 00:00:00,0.81691223,326.97287,27404.877,62.108803,2192.3408,11.303249,91.076645,0.5221192,3761.2522
2022-12-07 04:00:00,0.8138148,322.32132,27424.334,62.067272,2176.6604,11.225475,89.4994,0.5214211,3760.9302
2022-12-07 08:00:00,0.8134651,321.522,27284.93,61.369442,2159.4429,11.1890745,88.327614,0.52159667,3741.0146
2022-12-07 12:00:00,0.81417954,322.98663,27384.066,61.47041,2159.5835,11.204968,88.716286,0.5217041,3753.6707
2022-12-07 16:00:00,0.81423044,322.12457,27316.865,61.56384,2167.2795,11.204651,88.96946,0.5214769,3746.168
2022-12-07 20:00:00,0.8139814,323.3198,27254.398,60.956154,2165.2744,11.219967,89.07231,0.5212176,3738.197
2022-12-08 00:00:00,0.8141707,322.71426,27330.697,60.783337,2162.868,11.181993,88.69295,0.52283335,3747.2842
2022-12-08 04:00:00,0.8149126,323.87775,27341.875,60.569862,2167.1,11.192646,88.11645,0.5231936,3749.259
2022-12-08 08:00:00,0.8151081,323.62662,27298.328,60.819214,2169.377,11.212267,87.821266,0.5231133,3744.0652
2022-12-08 12:00:00,0.8151847,325.1522,27421.803,60.955963,2174.8193,11.225435,88.35916,0.5233598,3760.456
2022-12-08 16:00:00,0.81574064,327.60382,27544.223,60.94682,2189.5134,11.25352,88.91151,0.523678,3777.9739
2022-12-08 20:00:00,0.8166977,327.35095,27508.232,61.07476,2202.046,11.274487,89.79651,0.5242876,3775.1394
2022-12-09 00:00:00,0.81664866,327.0258,27548.188,61.422855,2197.8215,11.223335,89.80147,0.5249518,3779.6028
2022-12-09 04:00:00,0.8167787,327.69427,27510.982,61.98152,2202.4285,11.246105,89.67923,0.52510834,3775.6692
2022-12-09 08:00:00,0.8165044,328.00708,27506.895,62.51691,2204.757,11.261862,89.84107,0.52529347,3775.5776
2022-12-09 12:00:00,0.81569785,326.8737,27773.807,62.657505,2199.2585,11.23089,89.15847,0.52513874,3808.0408
2022-12-09 16:00:00,0.8156581,325.92163,27551.424,62.596706,2195.5247,11.179323,88.407776,0.524873,3779.5496
2022-12-09 20:00:00,0.81568515,323.83066,27465.027,62.615437,2189.2522,11.159629,88.42978,0.52455926,3767.707
2022-12-10 00:00:00,0.8164296,324.50348,27520.611,62.314358,2186.7263,11.138279,88.49784,0.52527547,3774.3918
2022-12-10 04:00:00,0.8165302,325.6197,27506.951,62.230095,2192.955,11.13941,88.598854,0.5254196,3773.6045
2022-12-10 08:00:00,0.8167025,325.2859,27484.627,62.62494,2193.3972,11.132751,88.381836,0.5253912,3770.8489
2022-12-10 12:00:00,0.81692237,326.61075,27583.016,62.95458,2196.9185,11.163601,88.97423,0.5257102,3783.8723
2022-12-10 16:00:00,0.81698036,326.30838,27519.02,62.796467,2200.677,11.171616,88.89247,0.52547723,3776.2761
2022-12-10 20:00:00,0.8169294,325.87054,27476.217,62.377117,2196.5784,11.162531,88.46974,0.52531993,3770.2522
2022-12-11 00:00:00,0.8175918,326.77173,27496.35,62.541958,2189.3218,11.149212,88.96701,0.5260165,3772.0557
2022-12-11 04:00:00,0.81759495,328.07047,27594.994,62.340157,2199.2168,11.175238,89.196465,0.5263019,3785.792
2022-12-11 08:00:00,0.81744456,327.3925,27579.74,62.32871,2201.9387,11.169963,89.074554,0.5263541,3784.1233
2022-12-11 12:00:00,0.81754017,327.1654,27602.336,62.28442,2198.9724,11.151358,89.17955,0.52637184,3786.5542
2022-12-11 16:00:00,0.8175594,327.3588,27570.154,62.328938,2200.3838,11.144291,89.52585,0.5264324,3782.78
2022-12-11 20:00:00,0.81529135,323.31726,27580.39,62.20345,2195.5964,11.082125,88.79008,0.5260396,3782.8403
2022-12-12 00:00:00,0.8146362,321.01523,27779.193,61.59477,2175.7302,10.974674,87.07544,0.5266875,3804.616
2022-12-12 04:00:00,0.8151469,320.784,27567.879,60.94705,2174.2834,10.955705,86.403885,0.52725625,3777.8247
2022-12-12 08:00:00,0.8157982,321.8176,27560.982,63.276985,2178.6658,10.9828415,86.75693,0.5271096,3777.9783
2022-12-12 12:00:00,0.815637,315.48038,27687.105,63.74374,2181.6553,10.990879,87.147194,0.5271843,3793.433
2022-12-12 16:00:00,0.8158797,315.15808,27604.455,64.101685,2181.9712,10.982962,87.11208,0.5274905,3783.1401
2022-12-12 20:00:00,0.8157808,316.3097,27673.94,64.178925,2188.7812,11.011396,87.86637,0.52819693,3792.9287
2022-12-13 00:00:00,0.81719726,310.45016,27711.848,63.930252,2188.029,11.001202,88.24563,0.5284375,3796.8564
2022-12-13 04:00:00,0.8153705,303.43036,27735.22,63.834686,2187.7263,10.947105,87.3793,0.52891463,3798.7354
2022-12-13 08:00:00,0.81573564,308.72705,27889.078,63.659485,2193.4375,10.977751,87.83817,0.5296979,3819.3833
2022-12-13 12:00:00,0.8150124,311.5336,28295.285,64.620026,2211.7449,11.104698,89.33768,0.5303606,3873.1216
2022-12-13 16:00:00,0.8171886,311.2833,28032.691,64.212746,2224.4575,11.118568,88.59363,0.5315854,3841.7131
2022-12-13 20:00:00,0.8186083,312.7316,27934.191,63.78567,2219.4192,11.091247,88.68991,0.53106105,3828.9075
2022-12-14 00:00:00,0.8203919,315.23212,27959.209,63.578136,2214.9888,11.106792,89.17578,0.53091145,3831.8303
2022-12-14 04:00:00,0.8192035,315.322,27959.314,63.308033,2225.0308,11.105249,89.3581,0.53125787,3833.0986
2022-12-14 08:00:00,0.8199328,314.0411,28014.102,63.290047,2229.4624,11.0995035,89.324646,0.5311755,3840.3342
2022-12-14 12:00:00,0.82039464,312.38156,28279.922,63.344143,2233.6685,11.095722,89.50362,0.5313927,3873.908
2022-12-14 16:00:00,0.81893945,309.87744,28519.348,63.742558,2225.7107,11.063652,88.022484,0.53075725,3902.3896
2022-12-14 20:00:00,0.81906164,309.5415,28012.951,63.7008,2215.4192,11.02018,86.81519,0.5311789,3837.5999
2022-12-15 00:00:00,0.8204832,307.5123,27993.48,63.154938,2192.4824,10.989274,86.269714,0.5301135,3831.905
2022-12-15 04:00:00,0.82044053,308.54898,27960.521,62.64183,2198.588,10.970561,86.62495,0.53049207,3828.6558
2022-12-15 08:00:00,0.81991494,308.39188,28014.676,62.492035,2200.1255,10.95978,86.438835,0.53008527,3835.5537
2022-12-15 12:00:00,0.82004964,307.0701,28063.363,62.347538,2193.4202,10.944733,85.99686,0.5303303,3840.5615
2022-12-15 16:00:00,0.8192426,305.09015,27827.828,62.0423,2187.5715,10.917481,85.21572,0.5301522,3810.0017
2022-12-15 20:00:00,0.8196781,303.54767,27765.078,61.558193,2183.825,10.884808,84.768486,0.53001344,3801.3762
2022-12-16 00:00:00,0.82258624,304.5828,27878.89,61.212463,2175.9363,10.911409,84.99735,0.5295627,3814.7356
2022-12-16 04:00:00,0.822704,307.4295,27968.467,60.691097,2185.159,10.923748,85.28804,0.5302798,3827.4136
2022-12-16 08:00:00,0.81621695,297.96854,27992.479,60.48249,2165.436,10.850866,83.45594,0.52895486,3826.5022
2022-12-16 12:00:00,0.81686264,294.61984,27816.277,59.60852,2136.143,10.753421,81.56377,0.52928543,3800.0396
2022-12-16 16:00:00,0.81684756,291.63037,27636.357,59.3833,2119.616,10.704973,81.31947,0.52804434,3775.0442
2022-12-16 20:00:00,0.8081274,283.70407,27552.63,59.15415,2111.9534,10.663868,80.49093,0.52710485,3762.4912
2022-12-17 00:00:00,0.81071293,278.66113,27478.965,58.4428,2093.6907,10.626234,80.262825,0.52675974,3750.2488
2022-12-17 04:00:00,0.8122761,286.25333,27612.691,58.088364,2095.761,10.624243,79.50185,0.5270521,3768.0325
2022-12-17 08:00:00,0.81494695,288.04242,27634.107,57.671894,2106.1414,10.658804,78.18488,0.52679205,3772.0186
2022-12-17 12:00:00,0.8153803,287.82593,27647.379,57.350574,2103.4666,10.666859,78.23029,0.5263202,3773.2822
2022-12-17 16:00:00,0.8149752,287.17984,27558.256,56.708786,2100.984,10.654528,78.085815,0.5258293,3761.6511
2022-12-17 20:00:00,0.8151207,290.3727,27524.598,56.36672,2104.3127,10.664227,78.55083,0.5260887,3758.2756
2022-12-18 00:00:00,0.81799865,293.42422,27650.28,55.80025,2098.876,10.724999,78.55498,0.52583355,3773.6255
2022-12-18 04:00:00,0.8198348,295.68164,27697.633,55.020046,2104.1228,10.716119,78.832726,0.5261564,3780.419
2022-12-18 08:00:00,0.818256,293.80426,27699.693,54.616817,2103.3994,10.685877,78.05181,0.5260617,3780.1997
2022-12-18 12:00:00,0.81906414,294.56107,27644.693,54.008286,2097.8691,10.677677,77.95779,0.5259798,3772.639
2022-12-18 16:00:00,0.8190162,295.53247,27578.2,54.09904,2099.0396,10.688761,78.26121,0.52575994,3764.6458
2022-12-18 20:00:00,0.8194528,298.01813,27678.156,53.69561,2103.9058,10.689946,78.50147,0.5258478,3778.039
2022-12-19 00:00:00,0.8220228,295.86102,27683.883,52.776337,2096.2063,10.712089,77.5768,0.5248475,3777.2957
2022-12-19 04:00:00,0.8221571,294.64752,27712.023,52.056465,2096.1343,10.690273,77.178986,0.52557576,3780.5095
2022-12-19 08:00:00,0.8216231,295.75595,27767.9,51.8263,2100.838,10.715944,77.7308,0.5253695,3788.2644
2022-12-19 12:00:00,0.82180625,296.05472,27773.186,50.291428,2103.5437,10.737734,77.67801,0.5252496,3789.1045
2022-12-19 16:00:00,0.81768775,291.94644,27776.053,48.27027,2097.778,10.697241,77.17693,0.52445877,3787.908
2022-12-19 20:00:00,0.8183782,290.42303,27711.81,45.558636,2091.344,10.635675,77.27943,0.524928,3778.5496
2022-12-20 00:00:00,0.8214237,293.7178,27847.805,44.0426,2090.5867,10.731661,78.621864,0.5240352,3795.8564
2022-12-20 04:00:00,0.82256734,297.7667,27882.941,42.284935,2109.4253,10.791353,78.89196,0.5253136,3802.9314
2022-12-20 08:00:00,0.8234586,296.43784,27875.547,40.81326,2119.7065,10.810373,78.8703,0.5254859,3802.942
2022-12-20 12:00:00,0.82310796,298.33896,27941.613,39.594475,2121.6292,10.814589,78.96199,0.5259303,3811.5378
2022-12-20 16:00:00,0.8238443,297.8792,27933.559,38.322853,2121.0251,10.788382,79.20789,0.5264122,3810.2666
2022-12-20 20:00:00,0.8239017,298.94144,27921.12,36.918324,2121.402,10.776161,79.209755,0.52645797,3808.7144
2022-12-21 00:00:00,0.8261279,297.541,27903.504,34.946358,2117.875,10.838627,79.69327,0.5252137,3805.7188
2022-12-21 04:00:00,0.82365423,296.69263,27905.688,33.614086,2117.8147,10.818663,78.90854,0.5255029,3805.6104
2022-12-21 08:00:00,0.8243995,297.45566,27872.74,32.463024,2122.9214,10.820353,79.23363,0.5256355,3802.1233
2022-12-21 12:00:00,0.8249941,297.42218,27891.309,32.49628,2124.8564,10.823687,79.622086,0.5255064,3804.7354
2022-12-21 16:00:00,0.8246065,296.01285,27849.182,31.722858,2123.3237,10.803937,79.44066,0.525555,3798.9795
2022-12-21 20:00:00,0.8251149,295.4408,27795.623,31.052917,2121.657,10.808369,79.35668,0.525604,3791.9111
2022-12-22 00:00:00,0.8285588,296.6511,27823.977,29.824825,2122.0645,10.902897,79.262955,0.5255172,3795.505
2022-12-22 04:00:00,0.82867146,296.27274,27845.95,29.22245,2123.2893,10.903486,79.91036,0.5258176,3798.3628
2022-12-22 08:00:00,0.82828045,295.6543,27849.857,28.947926,2127.0986,10.901617,80.12585,0.52623296,3799.2427
2022-12-22 12:00:00,0.82684016,292.53802,27889.074,27.95234,2117.847,10.880905,79.457726,0.5260726,3802.388
2022-12-22 16:00:00,0.82744825,292.72406,27814.389,26.139565,2106.8694,10.849783,79.08516,0.5260666,3791.4263
2022-12-22 20:00:00,0.82760346,295.32773,27829.531,25.878483,2116.243,10.880533,79.85314,0.5265815,3794.8838
2022-12-23 00:00:00,0.8309983,297.10614,27956.242,25.367828,2130.254,10.980737,80.10149,0.52726954,3812.6763
2022-12-23 04:00:00,0.83257926,296.6842,27975.863,24.208305,2128.6653,10.980879,79.97862,0.52756906,3814.7178
2022-12-23 08:00:00,0.83273333,296.3262,27973.85,23.665363,2128.9438,10.976809,79.903366,0.52770424,3814.378
2022-12-23 12:00:00,0.8318466,295.52414,28022.633,23.40604,2129.2688,10.976013,79.85273,0.5280181,3820.3777
2022-12-23 16:00:00,0.8327421,296.38846,27966.67,22.80463,2128.1807,10.956737,79.60554,0.5282588,3813.2456
2022-12-23 20:00:00,0.8333566,296.59045,27924.258,22.418522,2125.0486,10.940655,79.76196,0.5283102,3807.5474
2022-12-24 00:00:00,0.83636034,296.96603,28001.463,21.883621,2128.9949,11.012426,79.71234,0.5288632,3817.6746
2022-12-24 04:00:00,0.836283,296.45026,28014.342,21.296528,2128.5632,11.013145,79.6983,0.52837336,3819.091
2022-12-24 08:00:00,0.8359082,295.70258,28004.285,21.054142,2129.926,10.994187,79.68103,0.52827394,3817.876
2022-12-24 12:00:00,0.83609176,295.66595,27970.24,20.728645,2130.0725,10.98827,79.83826,0.52822137,3813.612
2022-12-24 16:00:00,0.83627033,296.0646,27959.506,20.40493,2131.766,10.995934,79.972275,0.5282315,3812.509
2022-12-24 20:00:00,0.83626974,295.94745,27960.121,19.764626,2132.4968,10.996813,79.84604,0.5281807,3812.567
2022-12-25 00:00:00,0.83883876,297.43262,28028.656,18.669674,2134.0564,11.059425,79.95476,0.52861416,3821.3997
2022-12-25 04:00:00,0.8388909,296.87338,28034.256,17.816895,2131.1584,11.072557,79.85511,0.52835226,3821.5498
2022-12-25 08:00:00,0.838338,296.812,28048.244,17.18314,2131.775,11.07006,80.01788,0.5280885,3823.3086
2022-12-25 12:00:00,0.8375879,295.38895,28027.92,17.483608,2125.9976,11.067788,80.193085,0.52776206,3819.927
2022-12-25 16:00:00,0.8375224,295.06827,28015.877,17.467186,2121.5718,11.0636425,80.82019,0.527755,3817.9045
2022-12-25 20:00:00,0.8379669,295.3438,28025.12,17.359718,2123.3816,11.075951,82.52982,0.5275745,3819.5217
2022-12-26 00:00:00,0.8390745,297.61758,28155.133,17.295822,2135.6248,11.147276,82.165405,0.52973664,3837.544
2022-12-26 04:00:00,0.84037614,296.91614,28156.021,16.928349,2132.9265,11.145875,82.444016,0.5302999,3837.2192
2022-12-26 08:00:00,0.84072715,296.42712,28147.941,16.834,2133.04,11.142448,83.770294,0.5305636,3836.3154
2022-12-26 12:00:00,0.84063995,296.13696,28135.705,16.714493,2131.5417,11.144586,82.97212,0.5314306,3834.4482
2022-12-26 16:00:00,0.841127,296.11404,28138.006,16.82072,2130.6099,11.148681,83.20033,0.5336803,3834.6592
2022-12-26 20:00:00,0.84164894,296.9369,28159.86,15.989335,2134.3806,11.167036,83.44209,0.5359052,3837.894
2022-12-27 00:00:00,0.8432736,298.5409,28222.342,15.747034,2144.4888,11.208596,83.659775,0.5359416,3847.1707
2022-12-27 04:00:00,0.8433,296.96713,28208.6,15.449973,2138.7793,11.195917,83.35916,0.53612244,3844.466
2022-12-27 08:00:00,0.8429531,297.45163,28198.18,15.3740635,2133.7566,11.193966,83.38448,0.5371264,3842.5903
2022-12-27 12:00:00,0.8421077,298.41943,28193.33,15.640916,2130.8013,11.177546,83.12345,0.5373878,3841.734
2022-12-27 16:00:00,0.8413238,298.63428,28177.91,15.928473,2126.0483,11.147676,82.63321,0.53740287,3839.21
2022-12-27 20:00:00,0.84184426,299.6695,28119.027,15.735526,2124.8723,11.135805,81.73959,0.5371343,3831.6953
2022-12-28 00:00:00,0.8409869,300.0928,28176.688,15.282126,2127.5261,11.14809,82.51065,0.5372251,3839.3276
2022-12-28 04:00:00,0.8388611,297.46844,28168.08,13.195218,2118.5183,11.112816,81.82213,0.5365981,3836.4465
2022-12-28 08:00:00,0.83943045,298.37418,28148.623,12.234294,2113.7195,11.098952,81.32855,0.53581786,3833.3442
2022-12-28 12:00:00,0.83917177,297.80563,28178.426,11.9481,2114.931,11.10828,81.71739,0.5352466,3837.1636
2022-12-28 16:00:00,0.8397942,297.9301,28141.143,11.4671955,2114.1387,11.089613,81.20241,0.5350154,3832.2935
2022-12-28 20:00:00,0.8383795,298.32828,28108.344,11.258574,2107.1816,11.073313,80.80555,0.53465825,3827.2957
2022-12-29 00:00:00,0.8366983,300.70084,28122.74,11.174258,2117.1377,11.077152,80.69875,0.53445935,3830.6128
2022-12-29 04:00:00,0.83797044,299.83057,28102.047,10.963302,2116.1895,11.090811,80.61478,0.53397363,3827.763
2022-12-29 08:00:00,0.8380461,300.50854,28111.277,10.661093,2115.736,11.101468,80.91732,0.532712,3828.9465
2022-12-29 12:00:00,0.83818793,300.70273,28141.979,10.719265,2119.3323,11.100512,81.22723,0.53236073,3833.3037
2022-12-29 16:00:00,0.8377785,300.7943,28118.9,10.641683,2118.3723,11.080078,80.78398,0.5319699,3830.2432
2022-12-29 20:00:00,0.83589524,300.63046,28119.326,10.711707,2115.8083,11.057829,80.8732,0.5311842,3829.9717
2022-12-30 00:00:00,0.8373273,302.12958,28162.773,10.849059,2125.0024,11.045109,81.26608,0.532614,3836.8042
2022-12-30 04:00:00,0.8371031,299.61786,28134.621,10.670312,2117.0874,11.015646,80.94318,0.53161544,3831.9153
2022-12-30 08:00:00,0.8371726,299.84375,28093.166,10.687541,2112.717,10.995668,80.808044,0.531029,3826.1982
2022-12-30 12:00:00,0.8366847,300.52435,28136.424,11.029434,2112.0159,11.005438,81.569084,0.53082836,3831.7417
2022-12-30 16:00:00,0.83786446,300.90417,28132.863,11.032574,2116.342,11.007402,81.880424,0.5314616,3831.9248
2022-12-30 20:00:00,0.83830464,301.20587,28119.02,10.605293,2116.846,10.998583,81.90455,0.53184366,3830.2434
2022-12-31 00:00:00,0.8381809,302.7807,28169.264,10.680838,2126.4658,10.979937,81.89372,0.5326246,3837.9302
2022-12-31 04:00:00,0.8384166,301.48563,28146.033,10.368698,2121.4243,10.982939,81.854904,0.5317272,3834.1902
2022-12-31 08:00:00,0.8384725,302.14624,28150.826,10.459681,2120.832,11.026185,82.15402,0.5316483,3834.8516
2022-12-31 12:00:00,0.8383665,302.45212,28159.57,10.594614,2124.728,11.0627,83.882576,0.53189754,3836.7075
2022-12-31 16:00:00,0.83926964,302.93454,28143.238,10.682654,2126.3738,11.057703,82.99392,0.5315926,3834.8315
2022-12-31 20:00:00,0.8389848,302.64517,28115.258,10.761333,2122.3635,11.054983,83.52121,0.5311773,3830.872
2023-01-01 00:00:00,0.82154626,292.25922,29126.207,12.180681,2291.5002,11.275923,94.47493,0.47558546,3978.6494
2023-01-01 04:00:00,0.815826,290.90103,29390.363,19.16005,2315.9768,11.294054,88.63322,0.4649745,4014.7014
2023-01-01 08:00:00,0.8090267,291.37204,29337.34,26.345821,2232.9565,11.298632,91.16221,0.4589978,3998.9678
2023-01-01 12:00:00,0.8054953,291.5542,29280.531,33.925137,2204.6528,11.302872,90.484604,0.455857,3989.2139
2023-01-01 16:00:00,0.80368006,291.8168,29286.51,41.61909,2200.762,11.306133,91.35,0.454103,3990.5776
2023-01-01 20:00:00,0.8042451,291.34354,29274.066,47.070198,2190.6309,11.307956,91.168465,0.4529078,3988.356
2023-01-02 00:00:00,0.83422077,293.4547,29553.387,51.084167,2180.663,11.743284,93.91003,0.4186781,4023.1865
2023-01-02 04:00:00,0.84429616,300.31366,30199.598,56.153965,2235.197,11.608492,96.95395,0.42263564,4112.636
2023-01-02 08:00:00,0.84656477,298.41837,30554.252,59.491467,2201.9404,11.59734,97.77912,0.42676646,4153.0938
2023-01-02 12:00:00,0.84743476,299.97385,30416.75,61.433247,2178.149,11.608044,97.62805,0.42944473,4133.3525
2023-01-02 16:00:00,0.8483012,301.93835,30304.848,62.678905,2171.9482,11.6241455,96.973434,0.43133962,4118.911
2023-01-02 20:00:00,0.8477882,301.86014,30188.111,63.17925,2164.4211,11.62122,97.28592,0.43046522,4103.4697
2023-01-03 00:00:00,0.84655267,302.79263,30052.742,62.974617,2160.245,11.592276,97.704414,0.43130988,4086.1663
2023-01-03 04:00:00,0.8463105,303.08722,29878.076,62.970665,2153.7595,11.599533,98.35347,0.43144956,4063.6406
2023-01-03 08:00:00,0.84625137,302.69473,29841.205,63.138935,2148.7761,11.594875,97.85702,0.43139362,4058.318
2023-01-03 12:00:00,0.8460979,302.36642,29992.926,62.736073,2139.9587,11.577698,97.34364,0.43081823,4076.0234
2023-01-03 16:00:00,0.844673,302.5524,29802.822,62.167957,2135.6782,11.561222,97.239944,0.43070656,4051.6624
2023-01-03 20:00:00,0.84556824,303.28262,29800.518,62.550552,2138.805,11.561441,97.49223,0.43052,4051.9358
2023-01-04 00:00:00,0.8435484,312.82614,29943.75,63.023895,2153.5435,11.607597,99.35486,0.43458027,4073.173
2023-01-04 04:00:00,0.8472128,313.0238,29969.828,63.390934,2168.3596,11.667168,98.67072,0.4350847,4078.2778
2023-01-04 08:00:00,0.8478885,311.0886,30661.113,63.32331,2163.6165,11.654762,98.34476,0.43504956,4163.8027
2023-01-04 12:00:00,0.8491515,313.71674,30942.07,63.41303,2158.2556,11.653433,98.159225,0.4345445,4198.569
2023-01-04 16:00:00,0.8488872,315.82816,30868.258,63.84491,2163.6377,11.657795,97.738174,0.4360183,4190.2812
2023-01-04 20:00:00,0.8498882,314.03528,30742.895,64.08841,2164.5276,11.647133,97.11389,0.434587,4174.4487
2023-01-05 00:00:00,0.8492315,316.312,30860.836,64.1998,2167.1216,11.637175,97.7375,0.4362791,4189.8916
2023-01-05 04:00:00,0.8480996,314.928,31161.68,63.910885,2166.7678,11.632496,97.61323,0.4349458,4227.2266
2023-01-05 08:00:00,0.84813225,314.39105,31070.932,63.93717,2164.1494,11.616032,97.104645,0.434504,4215.427
2023-01-05 12:00:00,0.84806347,314.67148,31006.576,63.93765,2163.0967,11.6047325,96.768616,0.4341537,4207.242
2023-01-05 16:00:00,0.84923136,315.10132,30872.836,63.947697,2164.9888,11.624825,96.514,0.43356878,4190.787
2023-01-05 20:00:00,0.8501427,314.68008,30842.73,63.884808,2165.0276,11.593039,96.627,0.43276036,4186.9785
2023-01-06 00:00:00,0.84640956,316.0148,30693.32,63.889908,2168.1997,11.555474,96.43695,0.43496987,4168.8374
2023-01-06 04:00:00,0.84611094,314.7873,30881.488,63.76433,2167.157,11.543266,95.647644,0.4341365,4191.9585
2023-01-06 08:00:00,0.8471851,314.6779,30969.56,63.369904,2160.7505,11.549734,95.12149,0.43373406,4202.039
2023-01-06 12:00:00,0.84534204,316.20978,30663.54,63.377125,2162.8855,11.544624,96.585144,0.4341347,4164.4272
2023-01-06 16:00:00,0.8483138,318.06985,30703.264,63.858772,2178.306,11.593973,96.88289,0.4353786,4171.657
2023-01-06 20:00:00,0.8495144,317.6602,30701.664,64.192245,2181.843,11.603756,97.38844,0.43626073,4171.9546
2023-01-07 00:00:00,0.8490937,320.1393,30698.57,64.45223,2177.8257,11.599541,97.15712,0.43803644,4171.3784
2023-01-07 04:00:00,0.849326,319.19467,30721.473,64.60602,2177.8936,11.625319,97.026,0.43708572,4174.138
2023-01-07 08:00:00,0.8483112,318.79025,31119.482,64.6419,2177.4666,11.623999,97.21866,0.4369933,4223.814
2023-01-07 12:00:00,0.84761786,318.72543,31129.223,64.62847,2176.9185,11.638914,96.873955,0.43758905,4224.912
2023-01-07 16:00:00,0.84899724,319.58896,31140.307,64.66143,2177.6345,11.650373,97.306656,0.4379538,4226.554
2023-01-07 20:00:00,0.8495687,319.3286,31104.533,64.5896,2177.3562,11.651388,97.427055,0.43771893,4222.0215
2023-01-08 00:00:00,0.84651625,319.09753,30884.46,64.56392,2173.8118,11.628984,96.53241,0.43930364,4193.9224
2023-01-08 04:00:00,0.8464778,319.06525,31058.36,64.767914,2176.6394,11.652273,96.406044,0.43895417,4216.022
2023-01-08 08:00:00,0.8436882,319.3771,31144.342,65.0999,2175.512,11.638617,96.98843,0.43877512,4226.78
2023-01-08 12:00:00,0.8461349,323.33902,31086.605,65.11049,2178.2659,11.645615,96.6168,0.4392962,4220.3584
2023-01-08 16:00:00,0.84798074,324.65335,31016.379,65.07424,2180.2463,11.652376,96.76073,0.43932483,4212.007
2023-01-08 20:00:00,0.8491576,329.8011,30957.865,65.17596,2184.3489,11.689087,97.972046,0.44032907,4206.0176
2023-01-09 00:00:00,0.8401272,333.9037,30768.344,65.67187,2193.2324,11.733681,100.62767,0.44567472,4184.35
2023-01-09 04:00:00,0.8556717,332.51367,30716.377,66.18534,2207.6362,11.789886,100.47428,0.44714886,4179.534
2023-01-09 08:00:00,0.8594557,332.58224,30831.258,66.426605,2207.4011,11.802443,100.9,0.44735283,4193.9595
2023-01-09 12:00:00,0.8573318,334.28525,31178.348,66.48227,2214.4497,11.807615,101.02432,0.44867358,4238.463
2023-01-09 16:00:00,0.8560575,332.92853,31232.414,66.332184,2222.5325,11.806984,100.80307,0.4499097,4246.0156
2023-01-09 20:00:00,0.8544583,326.8713,31002.016,65.98976,2215.6997,11.751818,100.07066,0.44867736,4215.463
2023-01-10 00:00:00,0.8518637,327.91232,30900.81,66.01208,2205.1938,11.734461,100.02244,0.44827312,4201.6235
2023-01-10 04:00:00,0.8549381,329.59457,31086.342,66.0147,2213.0652,11.756659,99.410126,0.44793648,4225.936
2023-01-10 08:00:00,0.8562636,330.08722,31204.04,65.9433,2216.535,11.767717,99.34471,0.44809204,4241.128
2023-01-10 12:00:00,0.8539347,329.70932,31302.84,65.73876,2217.223,11.778481,99.15056,0.44822025,4253.468
2023-01-10 16:00:00,0.85644126,330.39676,31196.62,65.78077,2221.1113,11.823927,99.44586,0.4488913,4240.8105
2023-01-10 20:00:00,0.8591142,331.91986,31087.885,66.03024,2224.3386,11.813095,99.74072,0.4488342,4227.8794
2023-01-11 00:00:00,0.85515404,328.75552,31102.676,65.75646,2213.0405,11.7601795,98.701065,0.44848672,4227.749
2023-01-11 04:00:00,0.8539941,330.53946,31175.846,65.470345,2215.5671,11.758854,100.52322,0.45253253,4237.6265
2023-01-11 08:00:00,0.85473365,332.15588,31067.56,65.5266,2219.146,11.766907,99.79596,0.45581844,4224.6577
2023-01-11 12:00:00,0.85181725,330.67822,30887.281,65.37809,2214.5874,11.73443,99.28511,0.4573939,4201.2817
2023-01-11 16:00:00,0.8516501,331.7943,31067.57,65.27798,2214.971,11.757366,99.944275,0.4599545,4224.0786
2023-01-11 20:00:00,0.85345364,337.6417,31260.262,66.01468,2236.7783,11.832382,101.36185,0.45954722,4251.901
2023-01-12 00:00:00,0.85297036,337.3611,31597.39,66.62413,2254.2468,11.880907,102.36546,0.4604852,4296.3984
2023-01-12 04:00:00,0.8553501,336.88367,31149.414,66.15103,2261.5264,11.869745,100.59651,0.46047005,4240.9697
2023-01-12 08:00:00,0.8554531,334.52628,31246.617,65.72,2255.7053,11.836893,100.865906,0.45872718,4252.073
2023-01-12 12:00:00,0.8475044,333.5679,32791.09,65.7212,2242.729,11.799728,101.553,0.4582321,4443.471
2023-01-12 16:00:00,0.8522301,336.3803,32732.2,66.07382,2259.4192,11.867046,100.82985,0.46073478,4438.5103
2023-01-12 20:00:00,0.8571532,339.13843,31837.773,66.686134,2277.094,11.914286,102.03387,0.4609651,4329.495
2023-01-13 00:00:00,0.8572352,337.5762,31350.508,67.02212,2261.1687,11.88879,101.88706,0.45986253,4266.4214
2023-01-13 04:00:00,0.8577526,339.4234,31775.188,67.10472,2263.0605,11.880295,101.17325,0.46099603,4319.893
2023-01-13 08:00:00,0.8569703,336.3404,32248.604,66.97958,2266.3518,11.872656,101.25088,0.46043026,4379.0894
2023-01-13 12:00:00,0.85686713,337.81122,32751.236,66.96401,2269.836,11.8575535,101.43172,0.45965296,4442.5576
2023-01-13 16:00:00,0.8584435,338.24545,32663.373,67.131935,2272.5413,11.881716,101.126366,0.46040824,4431.9526
2023-01-13 20:00:00,0.8579153,342.3424,32878.89,67.812416,2281.854,11.979536,102.691986,0.46325707,4460.862
2023-01-14 00:00:00,0.8577662,350.43283,34275.652,68.662506,2313.2524,12.161224,105.22463,0.46958184,4640.8394
2023-01-14 04:00:00,0.8637204,357.37698,33427.055,69.205185,2369.1343,12.247463,103.61249,0.47368103,4542.496
2023-01-14 08:00:00,0.8586686,349.68695,33395.82,68.942696,2354.4514,12.164164,104.15042,0.47014287,4535.8184
2023-01-14 12:00:00,0.8610854,349.4011,33358.12,68.30501,2340.2263,12.135769,102.87714,0.4698779,4529.05
2023-01-14 16:00:00,0.8648101,350.21036,33407.83,68.52528,2348.98,12.128786,103.16907,0.46795094,4536.5215
2023-01-14 20:00:00,0.8662642,351.10757,33630.31,68.72201,2367.6084,12.14896,102.844696,0.4670689,4566.7593
2023-01-15 00:00:00,0.863997,343.90717,33290.816,68.80156,2356.0784,12.121639,102.68866,0.46547785,4521.9673
2023-01-15 04:00:00,0.8644625,342.57562,33304.77,68.66584,2354.181,12.092621,102.00873,0.46488547,4523.2026
2023-01-15 08:00:00,0.8623303,342.4471,33429.4,68.501526,2357.4417,12.054592,102.88867,0.46312696,4539.2573
2023-01-15 12:00:00,0.8635068,347.88953,33646.047,68.607216,2372.1758,12.124689,103.531525,0.4638993,4568.963
2023-01-15 16:00:00,0.86416703,347.02225,33790.54,68.92774,2379.0667,12.139456,103.119255,0.46426567,4587.7686
2023-01-15 20:00:00,0.8656961,347.3156,33586.08,69.035095,2381.905,12.0623665,102.88628,0.46311706,4562.5767
2023-01-16 00:00:00,0.8663838,347.89862,33614.773,69.54285,2375.9302,12.095234,103.23465,0.4687569,4565.601
2023-01-16 04:00:00,0.8680576,348.26566,33361.74,69.23435,2390.3345,12.156631,102.05356,0.47120586,4535.6406
2023-01-16 08:00:00,0.86403024,342.46658,33268.164,68.50544,2377.8489,12.060308,101.23641,0.4662608,4521.451
2023-01-16 12:00:00,0.8618019,341.54987,33131.63,67.666794,2368.479,11.976379,100.519325,0.4651182,4502.8936
2023-01-16 16:00:00,0.86479056,345.47668,33742.91,67.557365,2390.586,12.062159,101.869835,0.46643746,4582.724
2023-01-16 20:00:00,0.8662006,344.59927,33500.035,67.605804,2409.4685,12.081123,101.45947,0.46583152,4554.5728
2023-01-17 00:00:00,0.8670298,341.14218,33387.586,68.014244,2384.2031,12.0595665,100.62601,0.46275234,4536.8696
2023-01-17 04:00:00,0.8679464,345.31558,33650.426,68.08015,2383.6326,12.082546,100.481155,0.46412656,4570.169
2023-01-17 08:00:00,0.8684267,345.7524,33984.938,68.31688,2389.5447,12.084518,102.43278,0.46442682,4613.0503
2023-01-17 12:00:00,0.86699754,346.2789,34420.66,68.30433,2393.294,12.101429,101.92571,0.46491265,4667.987
2023-01-17 16:00:00,0.8686726,345.6909,34007.645,68.0348,2400.9946,12.135929,101.62862,0.46568412,4617.183
2023-01-17 20:00:00,0.86668754,344.38235,33639.555,68.21399,2398.528,12.186092,101.62562,0.46584356,4570.728
2023-01-18 00:00:00,0.86890864,343.89392,33730.32,68.56713,2388.7446,12.227701,102.38092,0.46435493,4580.9336
2023-01-18 04:00:00,0.87011915,345.95264,33901.78,68.66848,2399.5188,12.203835,101.900276,0.464805,4603.92
2023-01-18 08:00:00,0.8692435,342.96774,34191.02,68.35972,2400.5579,12.133057,101.28393,0.46432328,4639.707
2023-01-18 12:00:00,0.8634596,338.53058,34278.035,67.55978,2380.2734,12.077545,100.41115,0.4646486,4647.277
2023-01-18 16:00:00,0.85604554,331.19595,34576.527,66.86854,2353.82,12.03706,99.13237,0.46731153,4680.113
2023-01-18 20:00:00,0.860034,333.4492,32908.383,66.63673,2346.309,11.952549,97.93211,0.465892,4470.7485
2023-01-19 00:00:00,0.8647884,331.6249,32698.787,67.39507,2336.2244,11.953812,97.614876,0.46004438,4443.115
2023-01-19 04:00:00,0.86607206,335.73672,33149.74,67.707504,2348.5012,11.986279,98.14348,0.46100503,4501.642
2023-01-19 08:00:00,0.8661388,333.72366,33624.023,67.83553,2349.7886,11.960394,97.818184,0.46258897,4560.8096
2023-01-19 12:00:00,0.86514926,332.68906,33613.145,67.8604,2346.9526,11.948341,98.03548,0.46640447,4558.995
2023-01-19 16:00:00,0.86662114,337.30948,33672.69,68.105965,2356.507,11.987061,98.60409,0.46766558,4568.318
2023-01-19 20:00:00,0.8684398,338.5149,33609.746,68.397575,2367.908,12.020964,98.96646,0.46594286,4562.1104
2023-01-20 00:00:00,0.8720616,337.05853,33279.79,68.85404,2364.7922,12.063343,99.189896,0.46420598,4520.3857
2023-01-20 04:00:00,0.87153584,332.58865,33539.95,68.891235,2363.027,12.027943,98.2388,0.46329135,4552.0073
2023-01-20 08:00:00,0.87086535,330.15384,33653.453,69.0389,2364.4958,12.016916,98.97346,0.46389717,4566.183
2023-01-20 12:00:00,0.8705504,332.83023,33815.8,69.06334,2370.1501,12.051632,99.260506,0.46520346,4587.561
2023-01-20 16:00:00,0.8720386,336.49142,34213.766,69.47066,2386.9675,12.129566,101.31052,0.46919507,4640.184
2023-01-20 20:00:00,0.870251,344.71463,35183.766,70.03782,2424.5376,12.281069,103.88978,0.47688237,4767.5723
2023-01-21 00:00:00,0.8795366,343.99966,34552.99,70.57329,2448.106,12.430336,103.18808,0.47636586,4691.58
2023-01-21 04:00:00,0.88208723,344.64694,34440.004,70.85149,2445.9087,12.410936,103.744774,0.4735465,4677.365
2023-01-21 08:00:00,0.87796646,344.88794,35872.945,70.6561,2436.4617,12.3637905,103.94381,0.47734225,4855.3267
2023-01-21 12:00:00,0.87846285,342.55075,35442.676,70.10438,2445.7942,12.344124,101.981186,0.47498322,4802.1006
2023-01-21 16:00:00,0.8834291,344.5344,35457.77,70.865944,2453.8926,12.359713,103.8679,0.47453243,4805.5806
2023-01-21 20:00:00,0.88545275,341.59125,35288.336,70.97326,2447.8284,12.345932,102.31505,0.47185367,4783.0938
2023-01-22 00:00:00,0.88841945,340.4934,34954.156,70.900894,2427.5393,12.344988,102.18761,0.47081354,4738.623
2023-01-22 04:00:00,0.88763094,343.3574,35110.77,70.811035,2430.0012,12.362207,102.81413,0.4709064,4758.9346
2023-01-22 08:00:00,0.88772273,343.4246,35388.7,70.982956,2436.7898,12.3581085,102.89796,0.4700241,4794.564
2023-01-22 12:00:00,0.88934654,344.18405,35461.676,71.07464,2440.0437,12.466318,102.88219,0.47220317,4804.211
2023-01-22 16:00:00,0.8903366,345.31567,35296.656,70.91254,2447.2927,12.524794,102.69506,0.47322682,4784.595
2023-01-22 20:00:00,0.88879275,340.77975,35279.348,70.50349,2436.0278,12.434221,101.73565,0.47156322,4780.2734
2023-01-23 00:00:00,0.8881951,346.4404,34867.797,70.85602,2438.3047,12.536953,102.21597,0.4766544,4729.939
2023-01-23 04:00:00,0.89176726,343.51785,34949.117,71.410934,2442.5215,12.507576,102.148766,0.4777407,4740.324
2023-01-23 08:00:00,0.893969,345.38278,35027.73,71.76675,2447.716,12.50832,105.01406,0.49389428,4751.438
2023-01-23 12:00:00,0.8921733,343.47507,35727.18,71.66205,2432.7747,12.512854,104.730286,0.49137792,4836.7144
2023-01-23 16:00:00,0.8927027,343.94708,35813.402,71.05476,2430.858,12.477245,102.83535,0.4892735,4846.9946
2023-01-23 20:00:00,0.8944025,345.53842,34806.176,70.80505,2435.9668,12.4543705,103.77885,0.48886472,4722.0127
2023-01-24 00:00:00,0.89954746,355.95258,35157.87,71.28937,2444.2148,12.589266,104.93934,0.4863112,4768.53
2023-01-24 04:00:00,0.9004625,358.7436,35487.375,71.4722,2449.3423,12.61731,104.519455,0.48457783,4810.682
2023-01-24 08:00:00,0.900265,350.93704,35671.145,71.11974,2441.3704,12.584623,104.69975,0.4862186,4831.6553
2023-01-24 12:00:00,0.89840114,353.07748,35660.234,70.737595,2431.6067,12.546082,103.859314,0.48416153,4829.1807
2023-01-24 16:00:00,0.89801013,350.36115,35609.79,70.641205,2430.728,12.493954,103.68802,0.48292333,4822.385
2023-01-24 20:00:00,0.8917037,340.51212,35611.816,69.90773,2399.7656,12.390181,102.382744,0.4828015,4817.2686
2023-01-25 00:00:00,0.8924024,337.75186,35220.395,69.26349,2366.6238,12.363499,101.84863,0.47795397,4763.7017
2023-01-25 04:00:00,0.89518756,343.8191,35262.395,69.68865,2367.1863,12.420666,102.66829,0.47707,4769.944
2023-01-25 08:00:00,0.89567816,341.20328,35150.832,69.88934,2373.2415,12.405287,102.45085,0.47641602,4756.4243
2023-01-25 12:00:00,0.89299995,339.95914,35673.51,69.77817,2365.9407,12.386583,102.495224,0.47664148,4820.68
2023-01-25 16:00:00,0.89540225,341.66534,35509.168,69.83999,2368.6577,12.419699,102.91974,0.47704595,4800.755
2023-01-25 20:00:00,0.89555347,347.858,36401.863,70.38341,2391.804,12.573357,104.924835,0.48467088,4916.3486
2023-01-26 00:00:00,0.90270424,346.22464,35568.992,70.23682,2427.3872,12.605272,103.94029,0.48280764,4816.347
2023-01-26 04:00:00,0.90528893,345.70822,35311.934,70.22453,2416.631,12.547512,104.47062,0.47949377,4782.8623
2023-01-26 08:00:00,0.9051709,344.24454,35730.668,70.13783,2406.887,12.51638,103.675125,0.47848293,4833.6885
2023-01-26 12:00:00,0.9020976,344.98178,36235.18,70.11645,2400.1216,12.606565,103.86711,0.48004347,4896.0317
2023-01-26 16:00:00,0.9044504,343.32016,35926.79,69.97937,2403.1575,12.652477,102.817535,0.47820354,4857.512
2023-01-26 20:00:00,0.9067632,345.7749,35654.91,70.37596,2408.9026,12.748098,103.13324,0.477381,4824.654
2023-01-27 00:00:00,0.9077784,343.13275,35539.574,70.3145,2397.0532,12.707123,102.93019,0.47898343,4808.3877
2023-01-27 04:00:00,0.90925616,345.31244,35861.805,70.50347,2389.514,12.723465,103.41764,0.47721332,4848.083
2023-01-27 08:00:00,0.90988314,345.91083,35767.0,70.74699,2393.6624,12.806854,103.86605,0.47733572,4836.923
2023-01-27 12:00:00,0.9087307,343.42618,35936.9,70.46054,2392.552,12.759285,103.39598,0.47758287,4857.6094
2023-01-27 16:00:00,0.9095516,347.9695,36149.832,70.66972,2403.8345,12.830517,104.187,0.47846884,4886.339
2023-01-27 20:00:00,0.9099014,348.25565,36080.6,70.93844,2413.8713,12.877733,104.78134,0.47939563,4879.0894
2023-01-28 00:00:00,0.91378736,349.8642,35815.066,70.890335,2420.173,12.89934,105.663376,0.4813975,4846.9937
2023-01-28 04:00:00,0.9154141,349.53174,36020.938,70.90774,2412.99,12.858555,105.23495,0.4790395,4871.7314
2023-01-28 08:00:00,0.9159181,347.40598,35792.77,70.82172,2406.8245,12.833475,104.86417,0.47798222,4842.1133
2023-01-28 12:00:00,0.9131013,346.21732,36042.55,70.5298,2397.367,12.793999,104.53272,0.47770235,4871.9224
2023-01-28 16:00:00,0.9145889,347.3716,36145.73,70.285576,2397.682,12.790113,104.543686,0.47648567,4884.974
2023-01-28 20:00:00,0.9145484,346.36835,36277.438,70.44199,2392.8225,12.761492,105.7877,0.47573775,4900.8765
2023-01-29 00:00:00,0.915971,350.74512,36065.348,73.10818,2409.2175,12.827158,111.30051,0.47956604,4877.993
2023-01-29 04:00:00,0.91813564,348.57193,36269.293,73.09124,2419.1296,12.864471,108.90436,0.4776313,4904.156
2023-01-29 08:00:00,0.9185613,355.76715,36514.266,74.1354,2419.8516,12.883429,111.37647,0.47963881,4936.21
2023-01-29 12:00:00,0.9185445,357.58395,36486.957,74.27479,2428.7922,12.879465,111.34327,0.47944307,4934.154
2023-01-29 16:00:00,0.91889024,358.19092,36825.8,74.37105,2442.0242,12.93261,112.27979,0.4815356,4978.375
2023-01-29 20:00:00,0.9205331,357.29556,36772.95,74.16521,2456.851,12.910238,111.57788,0.4812206,4973.3936
2023-01-30 00:00:00,0.9216472,358.48532,36423.574,73.71043,2462.433,12.825766,111.342896,0.48661065,4930.4727
2023-01-30 04:00:00,0.92086434,352.98007,36602.957,74.111595,2452.0767,12.800159,110.48701,0.48333806,4950.853
2023-01-30 08:00:00,0.91577584,348.4459,36612.14,75.12628,2422.3345,12.704779,109.313065,0.48289746,4947.683
2023-01-30 12:00:00,0.9161202,349.40805,36431.86,75.3053,2405.8718,12.655956,108.45675,0.47799534,4923.1187
2023-01-30 16:00:00,0.9139556,347.5244,36153.17,74.730034,2391.3125,12.610874,106.87294,0.4763728,4885.951
2023-01-30 20:00:00,0.9122597,347.18332,35928.426,75.14035,2386.458,12.576818,107.29454,0.4735244,4857.3076
2023-01-31 00:00:00,0.9146569,354.83325,35978.316,76.61496,2404.248,12.60848,112.381836,0.47457606,4867.5483
2023-01-31 04:00:00,0.9160367,353.67596,36282.613,76.34468,2409.8223,12.643873,110.19969,0.4733293,4905.8364
2023-01-31 08:00:00,0.9161607,352.02844,36364.895,76.093796,2408.7568,12.626078,110.62001,0.47678956,4915.802
2023-01-31 12:00:00,0.9156761,354.30075,36265.47,76.10136,2410.8508,12.618095,111.40675,0.47797185,4904.017
2023-01-31 16:00:00,0.9190106,355.4225,36420.863,76.0761,2423.7134,12.670792,111.13645,0.48021734,4925.16
2023-01-31 20:00:00,0.9205479,353.34106,36083.848,75.73259,2417.9568,12.629892,110.6113,0.4805085,4881.94
2023-02-01 00:00:00,0.9105091,332.6867,36196.77,75.52586,2400.3477,11.742985,115.40843,0.48512548,4891.735
2023-02-01 04:00:00,0.9133472,342.21115,35860.75,74.88239,2359.283,11.812338,113.883835,0.47557604,4845.5264
2023-02-01 08:00:00,0.9135639,336.64902,35949.53,74.46785,2374.5757,11.871172,113.843155,0.47283304,4857.7905
2023-02-01 12:00:00,0.91169083,339.34457,36114.36,73.71208,2394.3733,11.83745,113.46705,0.47139853,4881.06
2023-02-01 16:00:00,0.9091568,342.34708,36516.56,74.09242,2403.5217,11.874889,115.515526,0.4728145,4933.162
2023-02-01 20:00:00,0.9122236,347.57236,36167.836,75.85606,2431.393,12.027029,118.107635,0.47496212,4894.273
2023-02-02 00:00:00,0.9167208,355.2299,36382.637,76.644226,2468.1248,12.077688,118.5637,0.47687387,4926.834
2023-02-02 04:00:00,0.9187546,359.55984,36193.496,76.242065,2477.4766,12.067036,118.31105,0.47498932,4904.819
2023-02-02 08:00:00,0.9183367,357.35443,36479.145,75.96059,2476.5588,12.0635605,118.27324,0.47455043,4940.0933
2023-02-02 12:00:00,0.9176614,358.05197,37195.336,75.91319,2478.2676,12.060804,118.42433,0.47490376,5029.931
2023-02-02 16:00:00,0.9175148,358.2638,37068.43,75.84845,2488.961,12.106195,118.45849,0.47555846,5015.432
2023-02-02 20:00:00,0.9159989,354.12225,36375.05,75.566795,2475.3645,12.012762,117.21828,0.4742774,4926.3403
2023-02-03 00:00:00,0.9170306,353.31738,35616.645,76.0116,2468.3132,11.937555,117.62304,0.47516847,4830.655
2023-02-03 04:00:00,0.91704476,353.3825,36134.676,75.11881,2469.667,11.975927,116.91777,0.47476065,4895.3916
2023-02-03 08:00:00,0.91674364,358.3825,36282.324,75.55132,2473.5977,12.01181,117.15086,0.47458696,4915.0513
2023-02-03 12:00:00,0.91450465,361.8125,37243.645,76.02002,2477.269,12.046652,117.591,0.47522444,5036.2217
2023-02-03 16:00:00,0.91595817,360.25217,36432.938,76.32218,2485.2795,12.0613785,117.9869,0.47458553,4935.779
2023-02-03 20:00:00,0.91708094,361.28015,35629.12,76.39758,2486.077,12.04928,118.05289,0.4739439,4835.5464
2023-02-04 00:00:00,0.91651225,363.20053,35728.703,76.11981,2490.708,12.021614,118.18006,0.47590572,4848.791
2023-02-04 04:00:00,0.9154461,358.2816,35984.066,75.48539,2488.3623,12.002722,117.23121,0.4745984,4879.602
2023-02-04 08:00:00,0.91538066,361.2928,36205.31,75.4848,2489.3464,12.029713,117.60068,0.47443396,4907.8066
2023-02-04 12:00:00,0.9155005,362.24615,36241.566,75.60394,2499.5151,12.049229,118.17791,0.47520873,4913.8193
2023-02-04 16:00:00,0.9153545,362.53268,36393.02,75.6258,2505.5396,12.070047,118.14174,0.47692722,4933.54
2023-02-04 20:00:00,0.91471314,361.52487,36415.258,75.60215,2500.2148,12.057253,117.433304,0.47604373,4935.4355
2023-02-05 00:00:00,0.913084,363.43845,35900.168,75.051895,2496.0107,12.000759,116.984146,0.47686288,4870.6304
2023-02-05 04:00:00,0.9129111,362.4719,36010.305,74.71524,2497.339,12.019827,117.28981,0.4761386,4884.4414
2023-02-05 08:00:00,0.9132322,366.511,36153.66,74.917305,2498.991,12.014833,116.85114,0.4761525,4903.0425
2023-02-05 12:00:00,0.9100001,357.91806,36307.58,74.1476,2486.4426,11.920092,115.739105,0.4761629,4919.3916
2023-02-05 16:00:00,0.9076751,358.41333,35968.848,73.43288,2467.5317,11.878162,114.69163,0.47495332,4874.5225
2023-02-05 20:00:00,0.908761,360.3133,35305.816,73.8404,2464.8997,11.878338,114.62837,0.47391927,4791.5947
2023-02-06 00:00:00,0.9086269,359.73846,34964.246,74.221886,2472.689,11.862539,114.62406,0.47634315,4749.846
2023-02-06 04:00:00,0.9072042,356.93497,35332.18,74.82037,2471.1465,11.865814,114.29118,0.4758786,4795.3286
2023-02-06 08:00:00,0.9072056,361.1173,35749.227,75.34985,2471.9585,11.879019,114.77774,0.4759633,4848.2114
2023-02-06 12:00:00,0.9068595,361.56262,36004.61,75.75647,2475.8784,11.884119,115.01805,0.4764626,4880.7617
2023-02-06 16:00:00,0.9074073,362.3614,35949.008,76.23852,2483.3806,11.889517,115.60501,0.47704926,4874.9834
2023-02-06 20:00:00,0.90540075,357.98987,35676.957,75.759346,2470.6316,11.822685,114.44686,0.47597516,4838.6235
2023-02-07 00:00:00,0.9041076,359.1762,35336.63,76.36776,2463.8962,11.803822,115.82283,0.47685918,4795.635
2023-02-07 04:00:00,0.90413547,362.2887,35842.88,76.50669,2473.2542,11.850733,116.28104,0.4770854,4860.555
2023-02-07 08:00:00,0.90403163,363.114,36053.324,76.628204,2477.1294,11.872719,116.46341,0.47735772,4887.4893
2023-02-07 12:00:00,0.90382046,361.33707,35940.223,77.42993,2474.3384,11.879179,115.8691,0.47745374,4872.807
2023-02-07 16:00:00,0.90332264,362.67944,36626.754,77.55352,2477.184,11.885563,116.60909,0.47816938,4959.256
2023-02-07 20:00:00,0.90535474,365.53766,35810.12,77.88131,2492.031,11.962378,117.325615,0.47943214,4859.5303
2023-02-08 00:00:00,0.90643305,365.7496,35272.68,78.66027,2503.3716,11.980804,117.37717,0.4810608,4793.901
2023-02-08 04:00:00,0.9060525,363.78232,35485.316,78.39005,2505.825,11.985336,117.684906,0.48054466,4820.546
2023-02-08 08:00:00,0.90589535,364.21893,36153.598,77.86916,2500.6948,11.982849,117.18954,0.48035637,4903.368
2023-02-08 12:00:00,0.90453744,361.76053,36154.613,77.2898,2492.1213,11.9426,115.90804,0.48017865,4901.877
2023-02-08 16:00:00,0.9030543,358.7927,35650.824,76.80644,2480.114,11.897314,114.38485,0.47970545,4836.7754
2023-02-08 20:00:00,0.9041432,361.40637,35052.27,76.964264,2481.5,11.92371,114.80408,0.479521,4762.5312
2023-02-09 00:00:00,0.9008764,354.37607,34997.52,76.164276,2468.5322,11.865959,112.841354,0.4801201,4752.835
2023-02-09 04:00:00,0.8998103,353.82556,34903.68,75.3869,2462.9138,11.970894,111.74281,0.4804145,4740.113
2023-02-09 08:00:00,0.9010346,357.0775,35026.445,75.96652,2469.776,12.29756,112.09677,0.4806176,4756.8804
2023-02-09 12:00:00,0.9006702,353.19336,35580.516,75.94257,2473.2102,12.278088,112.103455,0.4831859,4826.078
2023-02-09 16:00:00,0.89673686,346.9941,35542.246,74.39722,2445.7712,12.1112995,109.28823,0.48280156,4816.5234
2023-02-09 20:00:00,0.8923432,341.55087,34518.133,72.57427,2408.5747,11.940731,107.29481,0.48078468,4682.6797
2023-02-10 00:00:00,0.892182,342.7039,33744.69,72.23462,2395.708,11.868334,107.28535,0.48129,4584.483
2023-02-10 04:00:00,0.89183176,343.03625,33682.617,73.34127,2401.7073,11.822704,108.04468,0.48041588,4577.7427
2023-02-10 08:00:00,0.8924109,344.19904,34406.293,73.17196,2401.574,11.844049,107.38417,0.4798313,4668.2295
2023-02-10 12:00:00,0.8917175,342.2374,34686.496,72.71024,2386.2432,11.818935,107.45519,0.47881567,4701.042
2023-02-10 16:00:00,0.8920813,344.35724,34370.996,72.88044,2380.7212,11.829037,108.24192,0.47892785,4661.3
2023-02-10 20:00:00,0.8915936,343.29318,34044.39,72.99194,2374.7253,11.823452,108.53365,0.47855127,4619.6416
2023-02-11 00:00:00,0.89141464,342.77206,33645.75,74.12743,2366.3247,11.794899,108.78234,0.47873443,4568.865
2023-02-11 04:00:00,0.89155495,344.8352,33799.094,74.277084,2371.932,11.796715,108.78851,0.47885722,4589.012
2023-02-11 08:00:00,0.8914842,344.2739,34463.7,74.54883,2371.214,11.800663,108.360016,0.4788441,4671.9087
2023-02-11 12:00:00,0.89147985,345.39514,34025.402,74.937935,2369.868,11.819729,108.45591,0.47888482,4617.1562
2023-02-11 16:00:00,0.89142925,344.1484,33992.25,75.24506,2366.4397,11.817059,108.15566,0.47853148,4612.4287
2023-02-11 20:00:00,0.89251673,346.1933,34253.65,76.08516,2373.3582,11.828602,108.97304,0.478684,4646.4326
2023-02-12 00:00:00,0.8932281,343.17886,33933.375,76.11899,2372.3125,11.824379,108.03578,0.47878933,4605.777
2023-02-12 04:00:00,0.89276665,342.25494,33848.402,76.03364,2372.9705,11.806944,107.694756,0.47895342,4595.0674
2023-02-12 08:00:00,0.8929738,344.22354,33958.945,76.56564,2372.7727,11.818762,107.78754,0.4793623,4609.1865
2023-02-12 12:00:00,0.89313066,346.64603,34236.27,76.51624,2371.3062,11.819643,107.797775,0.47961563,4643.966
2023-02-12 16:00:00,0.89357376,352.6988,34026.836,76.51435,2374.884,11.842295,108.14647,0.48002583,4619.037
2023-02-12 20:00:00,0.89237475,348.2894,33984.785,76.33891,2362.1526,11.757795,107.05372,0.47903314,4611.469
2023-02-13 00:00:00,0.8905324,341.89676,33600.62,76.738686,2343.0632,11.675421,107.14756,0.47882155,4560.3145
2023-02-13 04:00:00,0.89071363,344.0074,33669.28,76.89503,2352.0334,11.693775,106.776215,0.4801013,4570.258
2023-02-13 08:00:00,0.88520074,327.0074,34144.055,77.47101,2333.2017,11.629446,106.006905,0.47908276,4625.0923
2023-02-13 12:00:00,0.8856089,323.2017,33862.96,76.20152,2318.2847,11.611681,104.20565,0.47913814,4587.2295
2023-02-13 16:00:00,0.88584197,324.13522,33928.344,76.404175,2316.2383,11.589783,104.341156,0.47865063,4595.302
2023-02-13 20:00:00,0.88831043,330.63574,33846.434,77.05397,2332.2585,11.646065,104.312065,0.4787585,4587.9634
2023-02-14 00:00:00,0.88950455,326.89206,33827.355,77.609764,2329.1948,11.654181,104.61863,0.47718832,4584.836
2023-02-14 04:00:00,0.88934785,328.75836,34111.293,77.194984,2332.0503,11.637636,104.83756,0.47785926,4620.892
2023-02-14 08:00:00,0.88966906,329.3681,34154.91,77.013794,2335.5498,11.636343,105.39647,0.47792357,4626.9053
2023-02-14 12:00:00,0.88737845,331.62814,35819.12,80.03345,2336.0789,11.673361,107.62787,0.4797634,4835.9414
2023-02-14 16:00:00,0.8934877,332.43942,34811.72,79.86634,2361.2747,11.719578,107.36343,0.48198026,4713.219
2023-02-14 20:00:00,0.8969836,332.39117,33773.2,80.79375,2370.76,11.724983,108.50861,0.48229676,4584.8447
2023-02-15 00:00:00,0.897959,329.15036,33739.473,81.4194,2358.5203,11.72467,108.1053,0.48110664,4578.721
2023-02-15 04:00:00,0.89801204,332.54108,34242.54,81.69419,2360.309,11.714256,108.9171,0.48199067,4642.3867
2023-02-15 08:00:00,0.898301,333.95093,34520.65,81.92822,2371.5886,11.728708,109.19458,0.48284715,4678.803
2023-02-15 12:00:00,0.8986205,337.66733,35385.195,82.5529,2382.2942,11.7802925,110.36793,0.48424417,4788.9053
2023-02-15 16:00:00,0.8997364,338.0483,35291.574,82.12494,2401.881,11.839527,109.94019,0.48567304,4779.5996
2023-02-15 20:00:00,0.90232015,347.4901,35512.848,84.41411,2436.7163,11.951958,114.10859,0.4883093,4813.6147
2023-02-16 00:00:00,0.9057145,351.5171,36036.324,86.89018,2459.4631,12.0670185,113.288925,0.48902604,4882.618
2023-02-16 04:00:00,0.9057786,350.26898,36077.484,86.82567,2465.6758,12.02313,112.64717,0.48931277,4888.29
2023-02-16 08:00:00,0.90501916,349.76358,36357.535,86.57594,2464.565,11.97056,112.416626,0.48874155,4923.0273
2023-02-16 12:00:00,0.90435976,350.99844,37366.02,86.775444,2473.681,11.993971,114.127266,0.4891652,5050.6235
2023-02-16 16:00:00,0.9050832,351.7792,37631.625,86.76847,2489.8557,12.0411415,114.441666,0.48987228,5085.9883
2023-02-16 20:00:00,0.9006418,336.04153,36540.13,85.72813,2463.2144,11.9183655,110.9804,0.4876544,4943.675
2023-02-17 00:00:00,0.9023885,335.2894,34887.82,85.72859,2436.3408,11.919031,110.734314,0.48488224,4733.6523
2023-02-17 04:00:00,0.90405625,341.18253,34680.92,84.83217,2449.356,11.977659,110.91377,0.4849393,4710.0713
2023-02-17 08:00:00,0.9039046,339.49857,35547.473,84.988686,2460.2485,11.997618,110.82099,0.4840836,4819.552
2023-02-17 12:00:00,0.9037001,341.2267,36994.625,84.808044,2461.0603,12.030478,110.81096,0.48480928,5000.7437
2023-02-17 16:00:00,0.9052677,342.56042,37294.418,84.5983,2474.3684,12.10977,111.38589,0.48621005,5040.1035
2023-02-17 20:00:00,0.90571964,343.8384,36651.152,84.979,2485.5593,12.21036,111.41969,0.48717535,4961.3193
2023-02-18 00:00:00,0.90824986,342.54224,35392.87,86.30614,2480.97,12.280796,111.98074,0.4853045,4803.5425
2023-02-18 04:00:00,0.9081069,347.15308,35672.918,85.40895,2482.532,12.213795,111.7159,0.48508,4839.167
2023-02-18 08:00:00,0.9075434,343.53882,36108.7,84.74431,2483.2568,12.191776,110.93005,0.4847107,4893.094
2023-02-18 12:00:00,0.90763927,345.6691,36491.496,85.09142,2485.1167,12.639961,110.479706,0.48470676,4941.486
2023-02-18 16:00:00,0.90713936,344.78476,36477.855,84.79204,2486.6426,12.639927,111.06502,0.4847969,4939.897
2023-02-18 20:00:00,0.90874964,344.82275,36471.707,84.56079,2484.321,12.416409,110.47935,0.4841466,4938.713
2023-02-19 00:00:00,0.9105485,344.26694,36104.33,84.57066,2481.0857,12.459459,111.05705,0.4833519,4892.3955
2023-02-19 04:00:00,0.9099614,343.19562,36264.305,84.2343,2486.9426,12.552912,110.63953,0.4835199,4912.908
2023-02-19 08:00:00,0.91024446,343.81705,36224.453,84.14486,2488.2773,12.568415,110.16614,0.48362654,4908.103
2023-02-19 12:00:00,0.91055745,345.6289,36449.453,84.997826,2492.2715,12.561346,111.06966,0.48533845,4937.172
2023-02-19 16:00:00,0.9096271,341.52875,37208.98,84.27685,2488.2378,12.482887,110.04339,0.48519015,5030.868
2023-02-19 20:00:00,0.90902084,340.03775,35869.06,83.39362,2474.8943,12.426935,108.114716,0.4836471,4861.1646
2023-02-20 00:00:00,0.9098579,341.5167,35339.598,84.74694,2463.0732,12.47444,108.67337,0.4848044,4793.934
2023-02-20 04:00:00,0.9114929,345.6062,35595.24,85.30453,2478.5095,12.64889,108.727615,0.48651987,4828.429
2023-02-20 08:00:00,0.9120535,344.0104,36430.188,85.956795,2491.361,12.663145,109.33412,0.4876017,4934.3643
2023-02-20 12:00:00,0.9121617,344.14496,37094.92,85.19519,2494.1238,12.565699,107.102806,0.49279535,5017.4326
2023-02-20 16:00:00,0.9118928,341.85123,36618.1,84.38911,2488.2874,12.498224,106.37889,0.49392432,4956.6143
2023-02-20 20:00:00,0.9111737,342.27966,36301.76,84.231895,2490.0444,12.479416,106.37662,0.491195,4917.322
2023-02-21 00:00:00,0.9135731,342.87726,36472.582,84.829704,2487.7935,12.549078,107.64743,0.48978758,4938.71
2023-02-21 04:00:00,0.9141607,342.91437,36711.098,84.5918,2489.409,12.515532,106.95459,0.4897532,4968.6104
2023-02-21 08:00:00,0.91148245,340.23114,37422.555,84.246994,2475.9653,12.450546,105.76818,0.49056673,5055.3276
2023-02-21 12:00:00,0.9107417,338.92703,36983.98,83.485176,2463.4521,12.388954,104.27149,0.48831874,4998.4883
2023-02-21 16:00:00,0.9114684,340.50168,36447.676,83.03048,2462.8103,12.367395,104.84057,0.48706836,4931.578
2023-02-21 20:00:00,0.90982294,338.74106,36256.18,83.156815,2457.609,12.333994,104.72147,0.48669156,4906.768
2023-02-22 00:00:00,0.9117991,335.07614,36071.098,83.56234,2444.8086,12.390099,106.20851,0.4863584,4881.818
2023-02-22 04:00:00,0.9116401,334.91278,35686.426,83.19139,2441.2615,12.317688,105.95248,0.48596084,4833.182
2023-02-22 08:00:00,0.9108901,334.3511,35964.727,82.85497,2439.655,12.26428,106.290344,0.48641363,4867.693
2023-02-22 12:00:00,0.9101222,333.24164,36125.734,82.69623,2428.397,12.271547,104.25867,0.4883626,4886.0
2023-02-22 16:00:00,0.9100568,333.70322,36125.73,83.353676,2414.6055,12.301947,104.6109,0.48739958,4884.463
2023-02-22 20:00:00,0.9119668,339.22,35424.902,84.92794,2424.5278,12.402153,106.17504,0.48713675,4799.195
2023-02-23 00:00:00,0.9155376,340.64926,35888.957,85.424965,2445.4985,12.575233,107.37195,0.48900467,4860.2354
2023-02-23 04:00:00,0.91632545,339.557,36281.355,84.86909,2456.8,12.616337,106.542404,0.48891783,4910.393
2023-02-23 08:00:00,0.9150648,335.0307,36605.77,84.11941,2441.8455,12.652132,105.98033,0.4882594,4948.35
2023-02-23 12:00:00,0.9140806,335.19345,36926.637,83.722885,2432.6357,12.699972,105.866066,0.48747525,4987.27
2023-02-23 16:00:00,0.91380167,335.65216,36282.8,83.60842,2437.1055,12.602816,105.74287,0.48670262,4907.3643
2023-02-23 20:00:00,0.9140661,335.07462,35329.457,83.68754,2440.4028,12.5681095,106.0833,0.4850559,4788.5835
2023-02-24 00:00:00,0.9163392,337.0012,35551.156,83.51667,2441.924,12.686558,106.742645,0.4855109,4816.8037
2023-02-24 04:00:00,0.91588974,337.2368,35823.36,83.06277,2440.1257,12.75709,105.784744,0.48550397,4850.466
2023-02-24 08:00:00,0.9162129,337.0609,36035.637,83.36708,2440.0532,12.688173,105.81313,0.48495865,4877.0024
2023-02-24 12:00:00,0.91405755,332.15,36211.656,82.92029,2419.7104,12.524548,104.80932,0.48629355,4895.646
2023-02-24 16:00:00,0.909583,327.48465,36018.426,82.222946,2396.222,12.474501,103.46418,0.48432449,4867.711
2023-02-24 20:00:00,0.9098115,330.219,35072.83,82.56569,2401.5664,12.457859,103.367386,0.48134923,4750.5493
2023-02-25 00:00:00,0.9151073,330.1203,34757.844,82.63785,2406.538,12.422245,104.4576,0.48078954,4711.927
2023-02-25 04:00:00,0.9153011,328.85126,35086.145,82.36946,2402.1284,12.375553,104.1303,0.47962734,4752.1743
2023-02-25 08:00:00,0.9146716,329.5719,35524.5,82.15932,2401.6287,12.387142,104.8782,0.47928408,4807.0654
2023-02-25 12:00:00,0.91406417,328.5121,35284.59,82.53049,2399.5173,12.362804,104.27576,0.4791568,4776.648
2023-02-25 16:00:00,0.9131788,329.13022,35352.9,82.46019,2391.0928,12.354998,104.72491,0.47854754,4784.2573
2023-02-25 20:00:00,0.911589,327.68378,35126.484,82.03429,2383.3342,12.358517,104.8857,0.47891915,4754.772
2023-02-26 00:00:00,0.9163481,333.03696,35207.26,83.06399,2397.7493,12.432671,106.42332,0.48013943,4767.6704
2023-02-26 04:00:00,0.9172478,330.56088,35365.64,83.59517,2401.7815,12.439041,106.57602,0.47895214,4787.748
2023-02-26 08:00:00,0.91728526,331.46027,35660.832,83.37694,2401.08,12.440495,106.742325,0.4788378,4824.666
2023-02-26 12:00:00,0.9171957,331.71463,35700.926,83.35703,2400.8547,12.435797,106.87902,0.47864163,4829.696
2023-02-26 16:00:00,0.9166976,335.00583,35765.562,84.400986,2409.6287,12.44866,107.47688,0.4791705,4839.49
2023-02-26 20:00:00,0.9178691,336.00342,35906.426,85.75244,2423.1816,12.49185,107.77411,0.47984886,4859.1284
2023-02-27 00:00:00,0.9208204,336.73758,35557.777,85.409096,2434.4583,12.487791,108.25389,0.48265493,4817.0664
2023-02-27 04:00:00,0.92012244,332.8815,35435.312,84.98956,2427.4966,12.435606,107.50623,0.48234832,4800.253
2023-02-27 08:00:00,0.91928935,332.21347,35652.66,84.82955,2428.159,12.392326,107.62889,0.48241323,4827.41
2023-02-27 12:00:00,0.9190981,333.3137,36460.703,85.57601,2432.527,12.434769,108.422,0.48358572,4929.2974
2023-02-27 16:00:00,0.918681,329.72525,36198.91,85.4191,2424.6982,12.3866005,106.67878,0.4836843,4894.903
2023-02-27 20:00:00,0.919053,331.8207,35514.41,85.43592,2417.115,12.353691,107.02769,0.48384243,4808.696
2023-02-28 00:00:00,0.9226459,334.87094,35640.977,85.33444,2430.5706,12.40118,108.45731,0.48468715,4826.7524
2023-02-28 04:00:00,0.92228585,330.4414,35842.9,84.52054,2428.2007,12.42144,107.693886,0.4834975,4850.9478
2023-02-28 08:00:00,0.9217423,330.39328,35838.215,84.19432,2424.3435,12.417538,108.442795,0.48255304,4849.927
2023-02-28 12:00:00,0.92179906,332.6919,36252.375,84.855576,2431.4656,12.47015,109.44808,0.48443943,4903.089
2023-02-28 16:00:00,0.9205436,331.1405,36041.043,84.606735,2433.627,12.43877,108.76234,0.4844925,4876.6274
2023-02-28 20:00:00,0.9183365,329.5675,35714.98,84.1589,2415.6023,12.362764,107.9642,0.48388022,4833.255
2023-03-01 00:00:00,0.9135421,325.1765,35650.617,85.0999,2411.746,11.807756,112.494316,0.5027224,4824.7954
2023-03-01 04:00:00,0.9199581,328.66852,35759.31,85.48474,2384.598,11.964281,113.052055,0.49437588,4835.5615
2023-03-01 08:00:00,0.9215567,326.917,35781.72,85.2074,2421.9536,12.062199,114.30811,0.49167615,4842.9478
2023-03-01 12:00:00,0.9210104,327.14795,36185.434,85.00271,2433.9758,12.043467,114.06523,0.4906596,4894.8857
2023-03-01 16:00:00,0.91928947,325.8463,35811.68,84.86069,2421.9985,11.991932,113.7892,0.48967397,4846.447
2023-03-01 20:00:00,0.9184439,326.50256,35464.812,85.57016,2423.1365,12.031271,114.06994,0.48875898,4803.4414
2023-03-02 00:00:00,0.9188022,327.43027,35285.734,85.51213,2441.6086,12.021862,114.48803,0.4902489,4783.526
2023-03-02 04:00:00,0.9174111,324.6167,35424.375,85.18028,2434.8464,11.975475,114.075096,0.4894965,4799.5596
2023-03-02 08:00:00,0.9153987,325.11148,35686.527,84.96889,2428.4941,11.95015,113.96173,0.48875165,4831.552
2023-03-02 12:00:00,0.91361874,324.65555,35950.56,84.31379,2422.6462,11.915087,112.326935,0.48829445,4863.477
2023-03-02 16:00:00,0.91290724,326.00415,35600.355,83.99767,2425.38,11.911076,111.96397,0.48795342,4820.1265
2023-03-02 20:00:00,0.91359323,327.11618,35443.91,84.87349,2435.0896,11.929588,112.567825,0.48707277,4802.1113
2023-03-03 00:00:00,0.9072185,320.3118,35742.5,82.8135,2405.2278,11.753033,108.550156,0.48986256,4834.069
2023-03-03 04:00:00,0.90668076,318.6412,34351.96,80.59897,2375.6536,11.672846,105.8978,0.49109852,4655.7275
2023-03-03 08:00:00,0.90955305,320.24316,33943.684,82.29825,2379.872,11.704056,107.15002,0.48876458,4605.793
2023-03-03 12:00:00,0.9089281,318.20816,34716.54,82.46753,2385.5496,11.730738,107.09834,0.48846048,4702.874
2023-03-03 16:00:00,0.90920174,319.43042,34698.297,82.12949,2380.235,11.734467,107.707565,0.48807305,4700.116
2023-03-03 20:00:00,0.90972745,319.40042,34552.99,82.38367,2377.3572,11.7409725,107.92442,0.48904967,4681.649
2023-03-04 00:00:00,0.91099524,321.9501,34420.062,82.77821,2388.8499,11.729179,108.06624,0.49098477,4666.855
2023-03-04 04:00:00,0.91025007,319.8981,34706.5,82.642685,2388.5178,11.713486,107.75413,0.48956513,4702.3037
2023-03-04 08:00:00,0.91031814,321.36264,35031.223,82.168106,2384.7908,11.737425,107.61969,0.48877865,4742.5376
2023-03-04 12:00:00,0.9099383,321.09564,35041.223,81.927605,2382.6082,11.739529,107.51912,0.48829678,4743.4385
2023-03-04 16:00:00,0.9087309,319.70526,35045.633,81.3495,2379.093,11.700884,106.91407,0.4888121,4743.2236
2023-03-04 20:00:00,0.90695,319.00662,34941.043,80.86514,2377.506,11.662188,106.54678,0.4886609,4729.7534
2023-03-05 00:00:00,0.90823,322.70026,34737.09,81.230064,2385.3286,11.694588,107.63596,0.49150229,4705.8853
2023-03-05 04:00:00,0.908737,321.35754,34714.715,81.07858,2388.0515,11.724455,107.82874,0.49077117,4703.269
2023-03-05 08:00:00,0.9086448,321.93405,34817.168,80.801315,2385.5676,11.718414,107.827675,0.49011403,4715.802
2023-03-05 12:00:00,0.90849113,322.46484,34356.44,80.73924,2385.8728,11.731977,107.919334,0.49017775,4658.3203
2023-03-05 16:00:00,0.90791404,321.0016,35012.195,80.7029,2385.0007,11.733288,107.24085,0.48978972,4739.909
2023-03-05 20:00:00,0.9074885,320.2643,35018.543,80.13893,2382.9739,11.734064,107.2798,0.49021158,4740.2915
2023-03-06 00:00:00,0.90590906,319.4577,34579.617,78.88498,2382.4321,11.666508,106.154175,0.49365348,4684.9517
2023-03-06 04:00:00,0.9050052,317.78778,34641.902,77.82849,2380.8625,11.663683,105.237366,0.49452177,4692.0854
2023-03-06 08:00:00,0.9046352,317.1395,34730.457,77.59825,2381.389,11.678574,104.44945,0.4941715,4703.014
2023-03-06 12:00:00,0.90425676,319.16394,35074.39,78.23259,2387.2244,11.700882,105.001396,0.49472755,4747.1387
2023-03-06 16:00:00,0.9044224,320.68637,34986.117,78.06928,2388.32,11.704216,104.60572,0.49532577,4736.363
2023-03-06 20:00:00,0.90382826,319.5179,34768.668,77.84334,2383.521,11.667831,104.27055,0.49548388,4708.361
2023-03-07 00:00:00,0.90338445,320.94583,34819.875,78.1087,2386.5056,11.668417,104.05155,0.49720728,4715.319
2023-03-07 04:00:00,0.90315306,319.91486,34990.227,78.074394,2391.6826,11.688269,104.219315,0.49795648,4737.1504
2023-03-07 08:00:00,0.90209174,318.71732,34916.305,77.338615,2386.1775,11.641136,103.09446,0.49788845,4726.834
2023-03-07 12:00:00,0.900378,319.11322,35274.258,76.87891,2376.1736,11.608725,101.9645,0.4994012,4770.1743
2023-03-07 16:00:00,0.90124637,320.8777,34746.414,77.234146,2374.6868,11.597813,102.104065,0.50152445,4704.2896
2023-03-07 20:00:00,0.9017135,320.24622,34225.656,77.616486,2376.5254,11.621035,102.22885,0.50110185,4639.412
2023-03-08 00:00:00,0.90172094,322.43658,34276.844,77.536736,2380.8943,11.659836,101.72793,0.5027208,4646.563
2023-03-08 04:00:00,0.8999362,319.08154,34591.3,76.85317,2379.43,11.629204,101.08395,0.5023192,4685.097
2023-03-08 08:00:00,0.8993529,319.68222,34497.664,76.63615,2375.7095,11.606674,100.98069,0.5032104,4672.9604
2023-03-08 12:00:00,0.8975878,323.26312,34771.28,76.620094,2374.8813,11.567383,100.86755,0.50638676,4707.486
2023-03-08 16:00:00,0.8985334,323.2642,34434.605,75.89861,2376.4644,11.533582,99.401825,0.50882685,4665.3223
2023-03-08 20:00:00,0.89755106,319.7713,34141.324,75.7106,2366.6619,11.503317,99.238075,0.50676274,4626.9517
2023-03-09 00:00:00,0.8967466,320.95322,33761.36,75.468666,2358.7644,11.489806,98.70496,0.5075134,4578.518
2023-03-09 04:00:00,0.89654064,322.13528,33815.164,75.46698,2364.564,11.512958,98.86264,0.5075673,4586.1387
2023-03-09 08:00:00,0.89580023,320.75894,34255.008,75.73826,2361.104,11.500233,99.10152,0.5077957,4640.577
2023-03-09 12:00:00,0.8959464,322.07675,34433.81,76.10739,2359.731,11.514942,99.69737,0.50810885,4663.0425
2023-03-09 16:00:00,0.8932266,315.3253,35111.336,75.166214,2341.7776,11.416064,98.004196,0.50740755,4744.3037
2023-03-09 20:00:00,0.8894999,309.44537,34467.46,73.22708,2300.703,11.294449,95.722565,0.506632,4657.4062
2023-03-10 00:00:00,0.8911066,309.43808,32804.793,71.577835,2273.7043,11.266056,91.30952,0.5074662,4445.4355
2023-03-10 04:00:00,0.8919418,308.30157,32263.852,70.845245,2271.8564,11.284044,91.36773,0.5068156,4377.3633
2023-03-10 08:00:00,0.8903414,304.97293,32555.89,69.08874,2258.7444,11.246639,89.376785,0.5055898,4411.3394
2023-03-10 12:00:00,0.89037055,308.03183,33744.195,68.72106,2257.3455,11.289227,88.460655,0.50604403,4559.93
2023-03-10 16:00:00,0.89254546,312.6094,33791.656,69.694916,2269.1975,11.323782,88.19091,0.5060845,4568.0093
2023-03-10 20:00:00,0.8935974,311.728,32539.627,70.44968,2271.4348,11.311634,89.003494,0.5048099,4411.869
2023-03-11 00:00:00,0.8933404,312.81613,32467.918,70.36532,2271.3157,11.327192,89.540184,0.5047171,4403.0854
2023-03-11 04:00:00,0.8918485,308.70773,32793.92,67.91945,2268.9314,11.248582,86.47979,0.5050429,4442.325
2023-03-11 08:00:00,0.89117056,308.43515,32625.797,65.71883,2254.6316,11.203228,84.87811,0.5048444,4419.008
2023-03-11 12:00:00,0.89069676,308.98593,32474.447,66.51437,2258.436,11.193787,84.84754,0.50425506,4400.728
2023-03-11 16:00:00,0.8895872,307.06915,32724.314,67.74099,2268.3787,11.218189,86.01045,0.50383294,4433.266
2023-03-11 20:00:00,0.8901088,310.2376,32691.418,68.21215,2285.6414,11.277762,86.30468,0.50363797,4431.8105
2023-03-12 00:00:00,0.89073074,309.86423,32431.482,68.17128,2282.0027,11.283989,86.132484,0.5033905,4398.792
2023-03-12 04:00:00,0.89049804,310.3529,31942.053,68.00204,2283.963,11.274935,85.96775,0.503391,4337.876
2023-03-12 08:00:00,0.89068425,309.56027,32105.586,68.1445,2285.2388,11.263394,85.623245,0.50329536,4358.3516
2023-03-12 12:00:00,0.89031297,308.69327,32292.477,67.952545,2283.422,11.253074,85.48554,0.5031621,4381.335
2023-03-12 16:00:00,0.88987404,311.16077,33663.086,68.47268,2299.8655,11.304541,87.4042,0.503883,4555.336
2023-03-12 20:00:00,0.89252114,317.48276,34108.348,70.35522,2341.2065,11.423166,89.83035,0.5060228,4617.506
2023-03-13 00:00:00,0.8940239,318.49454,34288.016,71.786,2363.7725,11.511902,92.3044,0.50775194,4643.4106
2023-03-13 04:00:00,0.89594764,327.38123,33724.0,72.136696,2375.8184,11.508852,91.83671,0.5082084,4575.5107
2023-03-13 08:00:00,0.8959822,326.8521,34514.75,71.94253,2368.164,11.449539,91.35656,0.5071418,4673.2397
2023-03-13 12:00:00,0.8950193,330.77652,36093.496,72.563995,2385.488,11.52245,94.25043,0.50837576,4873.6875
2023-03-13 16:00:00,0.89813215,334.94257,37999.73,73.235115,2424.5771,11.587797,93.92971,0.5109615,5117.4263
2023-03-13 20:00:00,0.8998575,333.01224,35494.676,74.3731,2437.1306,11.5639,95.29091,0.50953376,4805.931
2023-03-14 00:00:00,0.9003653,331.3161,34978.117,74.45052,2425.6147,11.570143,94.69143,0.50796473,4739.6455
2023-03-14 04:00:00,0.89973104,331.03897,35748.727,73.80358,2429.7056,11.55602,94.55841,0.5080308,4836.3496
2023-03-14 08:00:00,0.89915574,330.51147,36608.723,73.49629,2433.506,11.530528,94.02379,0.5078143,4944.15
2023-03-14 12:00:00,0.89861095,338.41306,38738.473,75.351585,2459.3367,11.698374,99.148315,0.50990105,5215.479
2023-03-14 16:00:00,0.90011764,335.6736,39954.69,75.40964,2474.7043,11.759819,96.75247,0.51276183,5368.801
