,ADA,BNB,BTC,DASH,ETH,LINK,LTC,XRP
2022-12-01 04:00:00,0.3176,299.7,17102.47,45.05,1282.94,7.549,77.35,0.4005
2022-12-01 08:00:00,0.316,291.8,16977.67,45.77,1271.54,7.7,77.09,0.3976
2022-12-01 12:00:00,0.3149,291.1,16951.8,45.44,1275.91,7.634,77.67,0.3974
2022-12-01 16:00:00,0.3145,292.3,16977.37,45.5,1276.41,7.681,77.57,0.3969
2022-12-01 20:00:00,0.3127,288.2,16902.03,44.67,1271.69,7.596,75.99,0.3871
2022-12-02 00:00:00,0.3138,289.7,16955.82,45.1,1275.68,7.581,76.51,0.3908
2022-12-02 04:00:00,0.3168,291.3,16996.92,45.05,1288.83,7.627,76.81,0.3905
2022-12-02 08:00:00,0.3168,290.1,16938.94,45.55,1278.96,7.565,76.26,0.3889
2022-12-02 12:00:00,0.3196,290.6,16987.01,46.08,1287.32,7.593,77.02,0.3907
2022-12-02 16:00:00,0.3191,293.4,17092.74,45.77,1295.59,7.61,77.94,0.3961
2022-12-02 20:00:00,0.3194,292.0,17020.89,45.58,1285.85,7.492,77.13,0.3919
2022-12-03 00:00:00,0.3181,290.5,16964.51,44.96,1276.08,7.451,76.91,0.389
2022-12-03 04:00:00,0.3234,290.2,16943.43,45.15,1269.39,7.428,77.03,0.3943
2022-12-03 08:00:00,0.3256,291.7,16961.49,45.23,1271.04,7.415,76.45,0.3949
2022-12-03 12:00:00,0.3233,291.6,16953.4,45.12,1266.19,7.321,76.01,0.3934
2022-12-03 16:00:00,0.3196,290.4,16885.2,45.03,1240.51,7.235,76.47,0.3873
2022-12-03 20:00:00,0.322,291.8,16959.64,45.02,1257.04,7.309,76.57,0.39
2022-12-04 00:00:00,0.3195,291.1,16996.39,44.44,1257.03,7.347,76.45,0.39
2022-12-04 04:00:00,0.3194,289.5,16948.64,44.4,1254.94,7.292,76.11,0.3895
2022-12-04 08:00:00,0.322,290.0,17029.88,44.68,1259.83,7.351,76.38,0.389
2022-12-04 12:00:00,0.3235,291.1,17085.53,44.83,1278.5,7.372,76.94,0.3912
2022-12-04 16:00:00,0.3221,291.8,17105.7,44.73,1279.41,7.444,77.07,0.3895
2022-12-04 20:00:00,0.3238,294.7,17196.88,45.61,1290.85,7.521,77.86,0.3926
2022-12-05 00:00:00,0.3255,295.9,17313.93,47.59,1297.08,7.522,83.33,0.3933
2022-12-05 04:00:00,0.3271,295.7,17310.51,46.9,1295.13,7.531,83.29,0.3929
2022-12-05 08:00:00,0.3216,290.3,17083.92,46.78,1266.59,7.352,81.76,0.3913
2022-12-05 12:00:00,0.3174,286.7,16926.65,46.86,1253.67,7.2,80.19,0.3846
2022-12-05 16:00:00,0.3193,288.4,16966.35,46.99,1259.41,7.275,80.19,0.3893
2022-12-05 20:00:00,0.3197,289.4,17003.88,47.42,1261.82,7.247,81.24,0.3829
2022-12-06 00:00:00,0.318,289.5,17001.17,46.74,1260.39,7.277,80.36,0.3821
2022-12-06 04:00:00,0.3162,288.6,16983.9,46.39,1256.08,7.21,79.6,0.3847
2022-12-06 08:00:00,0.3169,288.7,16985.27,46.26,1254.4,7.253,79.49,0.3884
2022-12-06 12:00:00,0.3151,288.6,16970.93,45.74,1250.13,7.06,77.88,0.3897
2022-12-06 16:00:00,0.3183,290.2,17088.96,46.23,1271.32,7.132,79.88,0.3914
2022-12-06 20:00:00,0.3172,288.8,17025.03,46.9,1262.27,7.041,79.21,0.3856
2022-12-07 00:00:00,0.3085,282.7,16763.03,44.74,1224.63,6.804,76.66,0.3775
2022-12-07 04:00:00,0.3095,283.6,16793.29,44.83,1224.97,6.868,76.08,0.3782
2022-12-07 08:00:00,0.3109,283.5,16837.48,44.91,1233.85,6.847,76.7,0.383
2022-12-07 12:00:00,0.3087,283.6,16815.73,43.92,1232.11,6.838,77.0,0.382
2022-12-07 16:00:00,0.3102,284.2,16836.64,44.05,1231.18,6.881,76.89,0.3835
2022-12-07 20:00:00,0.3094,284.1,16834.32,43.94,1231.86,6.85,76.52,0.3862
2022-12-08 00:00:00,0.3117,285.6,16825.55,44.04,1232.73,6.885,75.65,0.3876
2022-12-08 04:00:00,0.3104,285.1,16851.02,44.63,1240.4,6.921,75.8,0.3859
2022-12-08 08:00:00,0.3112,287.5,16917.4,44.38,1249.91,6.925,76.05,0.3888
2022-12-08 12:00:00,0.3153,290.1,17251.62,45.02,1283.9,7.029,77.45,0.3925
2022-12-08 16:00:00,0.3145,290.4,17224.1,45.16,1280.18,7.0,78.27,0.3941
2022-12-08 20:00:00,0.3142,289.6,17202.66,45.92,1283.98,6.979,78.03,0.3912
2022-12-09 00:00:00,0.3149,290.4,17211.93,46.96,1282.43,7.02,77.94,0.3918
2022-12-09 04:00:00,0.3141,290.8,17241.44,47.07,1287.83,7.029,78.06,0.3901
2022-12-09 08:00:00,0.3129,289.9,17181.5,46.88,1277.6,6.946,76.86,0.387
2022-12-09 12:00:00,0.3105,288.0,17142.67,46.58,1269.05,6.838,76.25,0.387
2022-12-09 16:00:00,0.3118,286.0,17128.56,46.65,1263.1,6.863,76.31,0.3889
2022-12-09 20:00:00,0.3117,287.0,17145.08,46.46,1265.2,6.826,76.54,0.388
2022-12-10 00:00:00,0.3121,287.3,17154.06,46.6,1264.57,6.839,76.38,0.388
2022-12-10 04:00:00,0.3133,287.6,17168.61,47.45,1266.18,6.853,76.5,0.3879
2022-12-10 08:00:00,0.3145,289.3,17207.7,47.59,1278.26,6.902,77.3,0.3892
2022-12-10 12:00:00,0.3123,288.2,17175.8,46.71,1272.2,6.88,76.74,0.3873
2022-12-10 16:00:00,0.3126,288.2,17127.49,46.57,1266.35,6.858,76.36,0.3865
2022-12-10 20:00:00,0.3138,290.6,17153.61,47.32,1272.68,6.916,77.4,0.3873
2022-12-11 00:00:00,0.3129,290.5,17180.88,47.41,1276.49,6.938,77.51,0.3869
2022-12-11 04:00:00,0.312,290.3,17167.43,47.01,1273.45,6.892,77.26,0.3862
2022-12-11 08:00:00,0.3127,289.7,17153.52,46.99,1273.38,6.873,77.44,0.386
2022-12-11 12:00:00,0.3132,290.0,17177.43,47.21,1274.39,6.862,78.06,0.3866
2022-12-11 16:00:00,0.3074,284.4,17085.05,46.64,1263.01,6.7,76.5,0.3809
2022-12-11 20:00:00,0.303,282.7,16918.97,45.21,1243.83,6.568,74.45,0.374
2022-12-12 00:00:00,0.3041,281.1,16923.94,45.33,1246.46,6.591,73.9,0.3754
2022-12-12 04:00:00,0.306,283.7,16988.62,48.5,1254.4,6.642,74.82,0.3737
2022-12-12 08:00:00,0.3045,276.1,17010.81,48.31,1249.35,6.59,75.04,0.3756
2022-12-12 12:00:00,0.3046,274.4,17043.22,48.78,1254.58,6.616,74.94,0.3798
2022-12-12 16:00:00,0.3069,276.1,17209.83,48.9,1275.4,6.701,76.23,0.3874
2022-12-12 20:00:00,0.304,267.1,17152.37,48.59,1269.65,6.602,76.88,0.3799
2022-12-13 00:00:00,0.3026,264.0,17165.17,47.66,1266.41,6.541,75.06,0.3829
2022-12-13 04:00:00,0.3084,268.6,17444.63,47.86,1286.93,6.731,76.9,0.386
2022-12-13 08:00:00,0.3128,273.3,17752.94,49.12,1323.78,6.921,78.08,0.3904
2022-12-13 12:00:00,0.3102,269.2,17740.86,48.83,1316.41,6.875,77.41,0.3922
2022-12-13 16:00:00,0.3142,272.2,17774.7,48.32,1320.69,6.926,77.39,0.3952
2022-12-13 20:00:00,0.313,275.5,17781.68,49.09,1319.79,6.881,78.33,0.3908
2022-12-14 00:00:00,0.3101,274.4,17806.01,49.1,1322.5,6.882,78.32,0.3899
2022-12-14 04:00:00,0.3103,273.1,17824.93,48.75,1326.49,6.858,78.13,0.39
2022-12-14 08:00:00,0.313,272.0,18061.83,49.07,1338.32,6.88,78.4,0.3931
2022-12-14 12:00:00,0.3076,267.9,17792.9,49.19,1307.54,6.753,75.78,0.382
2022-12-14 16:00:00,0.3079,267.7,17803.15,48.68,1307.44,6.718,75.3,0.3853
2022-12-14 20:00:00,0.3045,265.6,17729.56,48.54,1292.04,6.655,74.83,0.3814
2022-12-15 00:00:00,0.3016,264.9,17691.45,48.25,1287.27,6.609,74.76,0.3806
2022-12-15 04:00:00,0.302,265.4,17720.33,48.14,1291.27,6.618,74.66,0.3804
2022-12-15 08:00:00,0.3018,263.3,17429.05,47.51,1270.32,6.572,73.99,0.3816
2022-12-15 12:00:00,0.3017,261.5,17442.25,47.23,1275.04,6.534,72.74,0.3779
2022-12-15 16:00:00,0.3003,258.8,17356.34,46.59,1266.54,6.456,72.42,0.378
2022-12-15 20:00:00,0.3003,262.6,17425.76,46.79,1271.79,6.514,73.27,0.3775
2022-12-16 00:00:00,0.3007,263.8,17503.35,46.76,1277.77,6.524,73.23,0.3796
2022-12-16 04:00:00,0.2863,251.4,17027.09,44.91,1212.83,6.253,69.2,0.3651
2022-12-16 08:00:00,0.2843,247.3,16972.34,44.61,1203.63,6.16,68.49,0.3623
2022-12-16 12:00:00,0.2847,244.2,16864.81,44.99,1202.5,6.162,68.1,0.3629
2022-12-16 16:00:00,0.2632,231.2,16632.12,43.44,1166.83,5.893,66.25,0.3511
2022-12-16 20:00:00,0.2603,229.2,16676.85,42.35,1175.3,5.9,66.33,0.3531
2022-12-17 00:00:00,0.2649,236.2,16745.54,42.43,1183.72,6.023,64.99,0.3559
2022-12-17 04:00:00,0.2662,237.1,16708.22,42.35,1180.05,5.997,63.41,0.3526
2022-12-17 08:00:00,0.2644,236.5,16700.26,42.85,1180.09,6.022,64.25,0.3526
2022-12-17 12:00:00,0.2632,235.6,16691.63,42.58,1176.79,5.957,63.73,0.3501
2022-12-17 16:00:00,0.2672,242.1,16776.52,43.18,1187.16,6.03,64.89,0.3545
2022-12-17 20:00:00,0.2686,246.5,16741.02,43.13,1187.54,6.031,64.93,0.3536
2022-12-18 00:00:00,0.2677,247.2,16750.83,42.57,1186.89,6.0,64.43,0.3532
2022-12-18 04:00:00,0.2649,246.8,16711.35,42.38,1182.28,5.986,63.84,0.3523
2022-12-18 08:00:00,0.264,245.0,16683.84,42.38,1174.39,5.942,63.61,0.3496
2022-12-18 12:00:00,0.2673,249.6,16750.82,43.01,1183.56,6.01,64.54,0.3503
2022-12-18 16:00:00,0.2659,251.0,16738.21,42.42,1183.06,5.949,64.37,0.3499
2022-12-18 20:00:00,0.2647,247.2,16681.47,42.38,1179.27,5.885,62.63,0.3415
2022-12-19 00:00:00,0.2635,246.0,16722.23,42.83,1179.86,5.939,63.04,0.344
2022-12-19 04:00:00,0.2634,247.8,16734.46,43.03,1183.28,6.014,63.53,0.3423
2022-12-19 08:00:00,0.2633,246.8,16669.08,42.7,1179.79,5.971,63.14,0.3412
2022-12-19 12:00:00,0.255,242.2,16555.74,42.22,1170.8,5.874,62.27,0.3375
2022-12-19 16:00:00,0.2529,240.4,16438.88,41.22,1167.82,5.79,63.37,0.3389
2022-12-19 20:00:00,0.255,247.8,16727.24,42.45,1192.57,5.991,64.83,0.3391
2022-12-20 00:00:00,0.2578,248.1,16802.83,42.71,1208.31,6.037,64.9,0.3421
2022-12-20 04:00:00,0.2588,249.5,16814.25,42.41,1212.31,6.078,64.99,0.3437
2022-12-20 08:00:00,0.2601,251.1,16918.83,42.6,1217.04,6.045,65.03,0.3469
2022-12-20 12:00:00,0.2586,250.6,16900.3,42.05,1216.78,6.0,65.27,0.3494
2022-12-20 16:00:00,0.2587,251.4,16895.56,42.15,1216.94,6.013,65.55,0.3482
2022-12-20 20:00:00,0.2542,248.7,16837.1,42.14,1210.53,5.965,65.52,0.3388
2022-12-21 00:00:00,0.253,248.0,16816.18,41.95,1210.93,5.945,65.03,0.3407
2022-12-21 04:00:00,0.2536,249.5,16878.47,42.33,1216.61,5.996,65.55,0.3437
2022-12-21 08:00:00,0.2523,249.1,16861.13,42.78,1215.6,5.948,65.83,0.3437
2022-12-21 12:00:00,0.25,246.3,16756.2,42.28,1208.58,5.92,65.58,0.3433
2022-12-21 16:00:00,0.2534,246.2,16824.67,42.63,1213.78,5.989,65.4,0.3449
2022-12-21 20:00:00,0.2534,248.0,16852.8,42.41,1214.81,5.985,65.5,0.3432
2022-12-22 00:00:00,0.2521,246.3,16826.87,42.55,1213.86,5.971,66.26,0.3446
2022-12-22 04:00:00,0.2526,245.8,16834.8,42.78,1217.49,5.99,66.31,0.3464
2022-12-22 08:00:00,0.2485,240.9,16636.54,41.89,1186.59,5.895,64.63,0.3429
2022-12-22 12:00:00,0.2507,243.1,16662.13,41.84,1194.91,5.916,65.28,0.3446
2022-12-22 16:00:00,0.2566,245.8,16821.43,42.77,1217.71,6.005,66.21,0.3492
2022-12-22 20:00:00,0.2616,247.0,16828.23,43.08,1223.99,6.025,66.2,0.3497
2022-12-23 00:00:00,0.2599,246.6,16848.01,42.76,1221.84,6.022,66.05,0.3492
2022-12-23 04:00:00,0.2586,245.9,16844.02,42.96,1223.0,6.017,65.96,0.3511
2022-12-23 08:00:00,0.2577,245.4,16832.16,42.87,1219.15,5.991,65.64,0.3501
2022-12-23 12:00:00,0.2596,246.3,16844.79,43.09,1219.98,5.972,65.7,0.3527
2022-12-23 16:00:00,0.2594,246.2,16778.5,43.3,1219.99,5.941,65.75,0.3543
2022-12-23 20:00:00,0.26,245.9,16840.65,43.5,1218.83,5.961,65.69,0.3528
2022-12-24 00:00:00,0.2591,245.4,16848.26,44.0,1220.44,5.932,65.53,0.3516
2022-12-24 04:00:00,0.2575,244.0,16824.41,44.07,1219.54,5.913,65.54,0.3522
2022-12-24 08:00:00,0.2584,244.4,16836.35,43.83,1219.15,5.912,65.77,0.3514
2022-12-24 12:00:00,0.2587,244.5,16843.59,44.02,1223.6,5.932,65.83,0.3522
2022-12-24 16:00:00,0.2592,244.5,16836.12,43.77,1220.41,5.916,65.76,0.3517
2022-12-24 20:00:00,0.2591,245.3,16832.14,43.84,1221.37,5.912,65.8,0.3495
2022-12-25 00:00:00,0.2589,245.1,16821.97,44.04,1219.8,5.949,65.69,0.3486
2022-12-25 04:00:00,0.258,244.7,16821.51,43.91,1217.54,5.944,65.83,0.3472
2022-12-25 08:00:00,0.2564,243.2,16793.09,44.25,1210.91,5.933,65.94,0.3462
2022-12-25 12:00:00,0.257,242.7,16794.07,44.22,1209.51,5.945,67.33,0.3454
2022-12-25 16:00:00,0.2591,243.2,16832.11,44.48,1218.51,5.99,69.15,0.3457
2022-12-25 20:00:00,0.2614,244.5,16894.19,45.02,1220.91,5.984,69.12,0.3497
2022-12-26 00:00:00,0.2594,243.3,16843.65,44.91,1220.69,5.964,68.91,0.3512
2022-12-26 04:00:00,0.2607,243.3,16864.04,45.33,1220.42,6.001,70.53,0.3509
2022-12-26 08:00:00,0.2612,242.4,16809.51,44.97,1215.37,5.972,69.9,0.3564
2022-12-26 12:00:00,0.2625,242.7,16841.0,44.56,1217.52,6.0,70.21,0.3664
2022-12-26 16:00:00,0.2652,244.3,16919.39,44.97,1228.11,6.048,70.78,0.3658
2022-12-26 20:00:00,0.2638,243.3,16876.51,45.29,1223.69,5.991,70.45,0.3591
2022-12-27 00:00:00,0.2638,243.3,16869.19,44.87,1222.16,5.993,70.29,0.368
2022-12-27 04:00:00,0.2628,243.9,16832.4,44.67,1219.38,5.994,70.23,0.3685
2022-12-27 08:00:00,0.2605,245.1,16799.78,44.17,1211.22,5.923,69.9,0.3693
2022-12-27 12:00:00,0.259,246.2,16690.75,43.75,1211.1,5.894,68.26,0.3697
2022-12-27 16:00:00,0.2603,246.7,16706.36,44.15,1211.55,5.903,68.67,0.3675
2022-12-27 20:00:00,0.2557,244.8,16650.65,43.34,1197.72,5.792,68.45,0.3597
2022-12-28 00:00:00,0.2515,243.4,16647.16,42.87,1194.59,5.763,67.58,0.3587
2022-12-28 04:00:00,0.2519,243.7,16678.98,43.02,1196.3,5.742,67.43,0.3585
2022-12-28 08:00:00,0.2503,242.3,16578.52,42.9,1189.24,5.724,67.39,0.3572
2022-12-28 12:00:00,0.2511,243.3,16595.92,43.04,1193.04,5.706,67.11,0.3584
2022-12-28 16:00:00,0.2482,244.5,16547.31,42.97,1190.15,5.675,66.32,0.3558
2022-12-28 20:00:00,0.2459,245.1,16558.33,43.46,1194.95,5.684,66.38,0.3459
2022-12-29 00:00:00,0.2454,244.7,16556.37,43.27,1194.97,5.708,66.21,0.3467
2022-12-29 04:00:00,0.2457,245.9,16598.7,43.44,1198.84,5.686,66.83,0.3435
2022-12-29 08:00:00,0.2459,246.1,16616.6,43.08,1201.17,5.687,67.0,0.3457
2022-12-29 12:00:00,0.2435,246.0,16612.4,42.89,1198.44,5.61,66.45,0.3442
2022-12-29 16:00:00,0.244,246.3,16633.47,42.56,1200.49,5.601,66.66,0.3421
2022-12-29 20:00:00,0.2441,245.5,16599.08,42.17,1197.59,5.576,67.15,0.3383
2022-12-30 00:00:00,0.2406,243.5,16474.93,41.75,1188.26,5.45,66.45,0.3369
2022-12-30 04:00:00,0.2415,243.3,16496.27,41.78,1190.7,5.481,66.61,0.3382
2022-12-30 08:00:00,0.2436,245.4,16555.26,42.16,1195.07,5.494,67.83,0.3398
2022-12-30 12:00:00,0.2438,244.6,16525.37,41.68,1194.89,5.484,67.9,0.344
2022-12-30 16:00:00,0.2458,245.8,16607.48,41.99,1199.99,5.475,67.94,0.3451
2022-12-30 20:00:00,0.2449,245.4,16552.46,41.84,1194.42,5.423,68.01,0.3404
2022-12-31 00:00:00,0.2446,245.6,16565.09,42.07,1196.84,5.459,68.0,0.3426
2022-12-31 04:00:00,0.2465,245.5,16567.15,42.32,1197.2,5.574,68.43,0.3437
2022-12-31 08:00:00,0.2504,247.1,16590.1,42.82,1202.86,5.587,70.08,0.3439
2022-12-31 12:00:00,0.2486,246.9,16570.14,42.41,1202.65,5.587,70.15,0.3427
2022-12-31 16:00:00,0.2458,246.3,16542.4,42.01,1196.13,5.575,70.14,0.3389
2022-12-31 20:00:00,0.2454,245.3,16533.04,41.67,1194.04,5.552,69.46,0.3381
2023-01-01 00:00:00,0.2452,244.0,16526.19,41.29,1195.06,5.53,69.51,0.3368
2023-01-01 04:00:00,0.2459,244.4,16556.66,41.7,1196.34,5.577,70.22,0.3385
2023-01-01 08:00:00,0.2462,244.6,16558.73,41.68,1196.81,5.595,70.37,0.3369
2023-01-01 12:00:00,0.2484,245.3,16603.08,42.01,1201.78,5.605,70.93,0.339
2023-01-01 16:00:00,0.2499,244.4,16616.75,42.21,1200.34,5.628,70.91,0.3387
2023-01-01 20:00:00,0.2497,243.9,16661.94,41.96,1201.94,5.626,70.9,0.3287
2023-01-02 00:00:00,0.2541,246.4,16721.28,43.3,1213.09,5.683,74.8,0.3378
2023-01-02 04:00:00,0.254,246.8,16735.11,43.33,1217.35,5.695,75.29,0.3445
2023-01-02 08:00:00,0.2546,247.0,16734.66,43.47,1219.0,5.702,75.16,0.3512
2023-01-02 12:00:00,0.2553,246.6,16737.56,43.9,1218.87,5.728,74.99,0.3517
2023-01-02 16:00:00,0.2538,245.2,16672.87,43.56,1214.0,5.691,74.74,0.3482
2023-01-02 20:00:00,0.2532,245.8,16691.81,43.35,1215.59,5.68,75.56,0.343
2023-01-03 00:00:00,0.2534,246.3,16729.74,43.73,1216.61,5.687,75.98,0.3491
2023-01-03 04:00:00,0.2537,245.6,16721.03,43.67,1214.98,5.662,75.44,0.3441
2023-01-03 08:00:00,0.2536,245.5,16676.94,42.8,1211.76,5.634,74.67,0.3434
2023-01-03 12:00:00,0.2507,245.4,16643.37,42.35,1209.5,5.596,75.13,0.3456
2023-01-03 16:00:00,0.2529,246.1,16675.18,42.86,1214.55,5.621,75.57,0.3436
2023-01-03 20:00:00,0.2647,257.1,16862.02,44.2,1250.74,5.791,77.51,0.3486
2023-01-04 00:00:00,0.2656,255.3,16869.44,44.67,1252.0,5.802,76.66,0.3498
2023-01-04 04:00:00,0.2642,254.8,16835.35,44.38,1251.58,5.768,76.18,0.3491
2023-01-04 08:00:00,0.2681,257.0,16854.05,44.8,1255.88,5.814,76.2,0.3476
2023-01-04 12:00:00,0.2661,257.8,16842.36,45.83,1254.38,5.768,75.25,0.3468
2023-01-04 16:00:00,0.2678,258.9,16850.36,45.79,1256.9,5.809,75.46,0.3472
2023-01-04 20:00:00,0.2652,257.9,16827.71,45.78,1252.77,5.762,75.74,0.3457
2023-01-05 00:00:00,0.2663,257.5,16823.64,45.23,1251.03,5.762,75.28,0.345
2023-01-05 04:00:00,0.2663,257.1,16833.6,45.72,1255.91,5.72,75.04,0.3418
2023-01-05 08:00:00,0.2654,256.8,16842.94,45.24,1249.11,5.718,74.37,0.3397
2023-01-05 12:00:00,0.269,257.8,16863.85,45.31,1253.62,5.752,74.84,0.3412
2023-01-05 16:00:00,0.2692,256.7,16831.85,44.9,1251.24,5.66,74.25,0.338
2023-01-05 20:00:00,0.2735,257.7,16833.56,45.72,1251.02,5.633,74.23,0.3394
2023-01-06 00:00:00,0.2717,256.4,16794.06,44.9,1247.7,5.618,73.28,0.3351
2023-01-06 04:00:00,0.2703,256.4,16738.22,44.34,1243.4,5.606,73.72,0.3346
2023-01-06 08:00:00,0.2733,259.1,16840.82,45.22,1263.01,5.653,75.23,0.3379
2023-01-06 12:00:00,0.2764,260.0,16939.91,45.64,1273.13,5.715,75.88,0.342
2023-01-06 16:00:00,0.2786,259.9,16950.65,45.84,1269.14,5.712,75.91,0.3443
2023-01-06 20:00:00,0.2768,262.1,16952.46,46.66,1266.54,5.768,76.15,0.3425
2023-01-07 00:00:00,0.2766,261.1,16948.09,46.88,1266.8,5.775,76.06,0.3426
2023-01-07 04:00:00,0.2749,260.9,16918.3,46.39,1263.79,5.765,75.81,0.3427
2023-01-07 08:00:00,0.2752,261.0,16940.42,46.73,1265.07,5.817,75.93,0.3448
2023-01-07 12:00:00,0.2772,261.7,16944.05,46.44,1265.38,5.803,76.43,0.3448
2023-01-07 16:00:00,0.2768,261.3,16943.57,46.34,1264.07,5.83,76.4,0.3442
2023-01-07 20:00:00,0.2758,261.0,16944.02,46.77,1262.84,5.821,75.74,0.3413
2023-01-08 00:00:00,0.2765,260.9,16953.77,47.36,1263.64,5.831,75.81,0.34
2023-01-08 04:00:00,0.2853,261.0,16927.42,47.39,1261.67,5.787,76.11,0.3387
2023-01-08 08:00:00,0.288,267.0,17000.43,47.8,1274.25,5.852,76.72,0.343
2023-01-08 12:00:00,0.2899,267.4,16927.25,47.03,1265.09,5.828,75.91,0.3403
2023-01-08 16:00:00,0.2974,274.9,17127.83,47.81,1290.16,5.963,78.68,0.3452
2023-01-08 20:00:00,0.3295,278.7,17197.0,49.11,1310.37,6.091,82.03,0.3516
2023-01-09 00:00:00,0.3256,277.7,17198.48,49.48,1311.92,6.129,82.33,0.3489
2023-01-09 04:00:00,0.3216,278.3,17238.93,49.52,1318.27,6.156,81.72,0.3504
2023-01-09 08:00:00,0.3207,280.3,17268.49,50.12,1335.68,6.203,82.89,0.3553
2023-01-09 12:00:00,0.3156,276.8,17293.69,49.23,1330.12,6.1,81.52,0.3555
2023-01-09 16:00:00,0.3168,272.6,17178.26,48.8,1320.39,6.065,81.62,0.349
2023-01-09 20:00:00,0.3138,273.8,17205.72,48.79,1324.71,6.079,81.18,0.3489
2023-01-10 00:00:00,0.3151,274.4,17203.2,48.4,1323.23,6.073,81.03,0.3472
2023-01-10 04:00:00,0.3178,275.0,17252.89,48.21,1329.32,6.109,80.19,0.3491
2023-01-10 08:00:00,0.3203,275.9,17327.7,48.28,1333.97,6.141,80.86,0.3502
2023-01-10 12:00:00,0.3237,276.2,17432.85,48.55,1339.48,6.24,82.0,0.3534
2023-01-10 16:00:00,0.3222,277.1,17440.66,48.39,1335.62,6.166,80.83,0.3507
2023-01-10 20:00:00,0.3146,275.0,17416.14,47.33,1331.07,6.103,80.46,0.3494
2023-01-11 00:00:00,0.3157,277.8,17446.65,48.27,1335.52,6.138,83.04,0.3622
2023-01-11 04:00:00,0.3147,277.8,17437.75,47.93,1336.45,6.114,82.18,0.3619
2023-01-11 08:00:00,0.309,276.8,17332.43,46.74,1323.04,6.041,80.8,0.3695
2023-01-11 12:00:00,0.3177,279.8,17550.29,48.01,1342.92,6.172,82.96,0.3719
2023-01-11 16:00:00,0.323,284.8,17943.26,49.03,1389.39,6.284,84.08,0.3728
2023-01-11 20:00:00,0.3274,286.9,18224.68,48.84,1400.99,6.343,84.74,0.3766
2023-01-12 00:00:00,0.3247,285.1,18138.22,48.19,1398.45,6.315,84.23,0.3734
2023-01-12 04:00:00,0.3218,283.3,18200.8,47.8,1397.78,6.256,83.96,0.369
2023-01-12 08:00:00,0.3223,281.6,18086.62,48.18,1386.07,6.199,83.16,0.3673
2023-01-12 12:00:00,0.3308,286.1,18885.35,49.58,1425.86,6.368,85.21,0.3751
2023-01-12 16:00:00,0.3293,287.7,18846.62,49.33,1415.92,6.387,86.09,0.3748
2023-01-12 20:00:00,0.3287,289.0,18876.37,49.73,1415.01,6.388,85.33,0.3788
2023-01-13 00:00:00,0.3279,287.9,18824.25,49.33,1408.12,6.344,84.49,0.3765
2023-01-13 04:00:00,0.3308,287.2,18920.95,49.19,1409.71,6.331,84.56,0.3746
2023-01-13 08:00:00,0.332,288.8,19261.19,49.64,1421.98,6.351,85.13,0.374
2023-01-13 12:00:00,0.3346,288.7,19362.01,50.15,1420.23,6.396,84.85,0.3765
2023-01-13 16:00:00,0.3456,293.7,19930.01,51.38,1451.2,6.605,86.23,0.3858
2023-01-13 20:00:00,0.3577,307.5,20967.23,52.01,1556.08,6.818,88.34,0.4012
2023-01-14 00:00:00,0.3634,310.8,20897.36,53.13,1553.43,6.994,89.83,0.404
2023-01-14 04:00:00,0.3503,303.8,20721.73,51.51,1530.09,6.728,87.82,0.3925
2023-01-14 08:00:00,0.3516,304.2,20786.74,51.74,1525.18,6.801,88.64,0.3939
2023-01-14 12:00:00,0.3486,303.5,20783.68,51.15,1529.49,6.788,87.26,0.3923
2023-01-14 16:00:00,0.3525,305.1,20954.92,51.51,1549.9,6.856,87.84,0.3953
2023-01-14 20:00:00,0.347,298.7,20719.09,51.19,1525.4,6.721,86.95,0.3904
2023-01-15 00:00:00,0.3462,297.4,20735.69,51.21,1529.16,6.743,86.89,0.388
2023-01-15 04:00:00,0.3452,297.9,20722.23,50.87,1533.35,6.7,87.74,0.384
2023-01-15 08:00:00,0.3507,302.7,20908.28,51.52,1556.35,6.887,88.4,0.3885
2023-01-15 12:00:00,0.349,301.1,20870.15,51.8,1550.15,6.722,88.06,0.3856
2023-01-15 16:00:00,0.3507,302.2,20871.5,51.7,1552.52,6.694,87.37,0.3845
2023-01-15 20:00:00,0.3569,304.3,21075.68,51.78,1569.19,6.768,87.36,0.4054
2023-01-16 00:00:00,0.3576,303.0,21109.23,51.33,1565.95,6.843,87.14,0.393
2023-01-16 04:00:00,0.3494,298.2,20817.56,49.86,1542.32,6.619,85.82,0.3847
2023-01-16 08:00:00,0.3472,298.0,20994.17,49.13,1549.97,6.566,86.19,0.3858
2023-01-16 12:00:00,0.3538,300.9,21308.57,49.41,1591.23,6.745,87.05,0.3927
2023-01-16 16:00:00,0.3504,299.0,21185.65,49.3,1576.94,6.669,85.91,0.3855
2023-01-16 20:00:00,0.3481,300.1,21124.57,48.82,1563.59,6.674,85.25,0.3835
2023-01-17 00:00:00,0.3508,301.0,21133.65,49.45,1563.35,6.72,85.86,0.3899
2023-01-17 04:00:00,0.3537,302.8,21219.75,49.95,1569.07,6.73,87.96,0.3881
2023-01-17 08:00:00,0.3529,302.5,21176.06,49.44,1571.4,6.718,86.32,0.3871
2023-01-17 12:00:00,0.3527,302.9,21336.46,49.78,1588.85,6.864,87.2,0.3929
2023-01-17 16:00:00,0.3455,299.4,21134.81,49.28,1565.57,6.804,87.02,0.3868
2023-01-17 20:00:00,0.3501,303.0,21258.54,49.73,1582.01,6.924,87.97,0.3874
2023-01-18 00:00:00,0.3504,301.5,21307.94,49.83,1583.14,6.86,87.49,0.3891
2023-01-18 04:00:00,0.347,301.1,21204.67,48.85,1575.9,6.75,86.31,0.389
2023-01-18 08:00:00,0.3388,294.5,21042.73,47.44,1549.75,6.544,84.96,0.3819
2023-01-18 12:00:00,0.3348,293.0,20906.54,47.59,1541.96,6.483,84.3,0.3898
2023-01-18 16:00:00,0.3264,286.7,20677.47,46.82,1511.43,6.334,82.62,0.3782
2023-01-18 20:00:00,0.3296,289.9,20748.04,47.65,1524.82,6.411,83.1,0.3787
2023-01-19 00:00:00,0.3307,290.4,20818.95,47.88,1528.65,6.438,83.14,0.3841
2023-01-19 04:00:00,0.331,289.3,20743.72,47.8,1519.61,6.375,82.54,0.3847
2023-01-19 08:00:00,0.3345,290.0,20876.44,48.23,1533.09,6.407,83.45,0.3909
2023-01-19 12:00:00,0.3398,294.0,21090.95,48.87,1551.95,6.495,84.21,0.3937
2023-01-19 16:00:00,0.3379,294.6,21071.59,49.03,1551.09,6.506,84.21,0.3928
2023-01-19 20:00:00,0.3395,294.7,21087.74,49.63,1554.54,6.488,84.16,0.3904
2023-01-20 00:00:00,0.3354,288.1,20959.44,49.61,1550.33,6.455,83.56,0.3883
2023-01-20 04:00:00,0.3351,287.1,20963.51,49.54,1549.49,6.464,84.38,0.3912
2023-01-20 08:00:00,0.3413,289.6,21144.77,49.85,1563.69,6.532,84.81,0.3928
2023-01-20 12:00:00,0.3505,294.5,21496.67,50.89,1600.49,6.691,87.48,0.4024
2023-01-20 16:00:00,0.3652,305.1,22667.21,51.82,1658.52,6.941,90.28,0.4129
2023-01-20 20:00:00,0.3594,302.2,22547.35,52.39,1648.8,7.039,90.01,0.4103
2023-01-21 00:00:00,0.3632,304.8,22638.36,52.39,1651.19,6.999,90.1,0.4103
2023-01-21 04:00:00,0.3638,303.3,22905.65,51.8,1647.04,6.944,89.07,0.4086
2023-01-21 08:00:00,0.3706,301.9,22998.9,51.22,1647.26,6.91,88.74,0.4084
2023-01-21 12:00:00,0.3758,304.2,23270.5,53.11,1663.19,7.017,90.28,0.4136
2023-01-21 16:00:00,0.3687,299.0,22783.55,52.4,1626.66,6.853,87.91,0.4034
2023-01-21 20:00:00,0.3646,300.4,22758.3,51.93,1622.5,6.87,88.41,0.4046
2023-01-22 00:00:00,0.3733,302.3,22895.2,51.88,1627.08,6.89,88.67,0.4046
2023-01-22 04:00:00,0.3811,302.6,22783.61,52.56,1624.57,6.872,88.82,0.4042
2023-01-22 08:00:00,0.3806,303.4,22794.51,52.01,1635.51,7.037,88.75,0.4056
2023-01-22 12:00:00,0.3822,303.8,22722.15,52.09,1635.1,7.065,88.57,0.405
2023-01-22 16:00:00,0.3764,303.0,22707.88,51.39,1627.44,6.984,87.58,0.4004
2023-01-22 20:00:00,0.3704,303.8,22661.02,52.31,1630.41,7.082,87.87,0.4051
2023-01-23 00:00:00,0.3744,303.6,22695.9,52.9,1633.3,7.036,87.77,0.4136
2023-01-23 04:00:00,0.3777,306.4,22904.58,53.62,1636.67,7.139,92.01,0.4233
2023-01-23 08:00:00,0.3767,303.6,22853.14,52.84,1620.85,7.015,90.41,0.4216
2023-01-23 12:00:00,0.3739,304.6,22792.47,52.17,1619.88,6.965,89.38,0.4268
2023-01-23 16:00:00,0.375,305.1,22916.45,51.97,1626.29,7.015,89.9,0.4234
2023-01-23 20:00:00,0.3787,322.0,23079.27,52.89,1639.01,7.176,90.73,0.4246
2023-01-24 00:00:00,0.382,318.1,23054.08,52.61,1635.77,7.167,90.61,0.424
2023-01-24 04:00:00,0.3779,314.2,22917.66,51.62,1625.6,7.122,89.99,0.4218
2023-01-24 08:00:00,0.376,316.0,22931.36,51.73,1620.58,7.045,89.78,0.4211
2023-01-24 12:00:00,0.3788,310.8,23018.53,51.7,1622.41,6.992,89.68,0.4242
2023-01-24 16:00:00,0.3587,300.3,22632.89,49.0,1555.97,6.661,87.19,0.4078
2023-01-24 20:00:00,0.3542,300.2,22643.61,49.49,1546.63,6.692,87.55,0.4045
2023-01-25 00:00:00,0.3596,303.2,22712.45,49.91,1553.81,6.791,87.8,0.4095
2023-01-25 04:00:00,0.3556,300.5,22598.47,49.41,1545.49,6.697,87.18,0.4055
2023-01-25 08:00:00,0.3552,300.2,22577.86,49.69,1543.95,6.69,87.31,0.4059
2023-01-25 12:00:00,0.361,302.3,22748.86,50.16,1561.48,6.822,88.46,0.4116
2023-01-25 16:00:00,0.3732,306.9,23060.94,50.46,1611.94,6.954,89.38,0.417
2023-01-25 20:00:00,0.3791,305.7,23136.16,50.42,1614.87,6.933,89.33,0.4114
2023-01-26 00:00:00,0.3762,305.9,22966.73,50.22,1604.68,6.902,88.95,0.4089
2023-01-26 04:00:00,0.374,304.3,22992.94,50.26,1604.33,6.886,88.36,0.4111
2023-01-26 08:00:00,0.3766,303.7,22958.02,49.83,1589.79,6.962,87.81,0.4093
2023-01-26 12:00:00,0.3809,305.6,23070.0,50.33,1603.77,7.133,87.96,0.4125
2023-01-26 16:00:00,0.3796,304.7,23009.65,50.82,1601.09,7.169,87.52,0.4092
2023-01-26 20:00:00,0.3717,302.6,22772.62,50.42,1565.73,7.03,86.9,0.4058
2023-01-27 00:00:00,0.3803,305.9,23072.77,51.18,1585.4,7.27,87.94,0.4075
2023-01-27 04:00:00,0.3766,305.0,22967.47,51.03,1578.84,7.219,87.7,0.4067
2023-01-27 08:00:00,0.3784,303.8,22933.96,50.52,1574.86,7.191,87.37,0.4062
2023-01-27 12:00:00,0.3829,308.9,23253.06,52.06,1609.7,7.401,88.62,0.4126
2023-01-27 16:00:00,0.3898,308.0,23074.16,51.73,1597.62,7.384,88.89,0.4128
2023-01-27 20:00:00,0.3887,308.3,23117.44,51.68,1598.96,7.421,89.42,0.4105
2023-01-28 00:00:00,0.3887,308.4,22991.51,51.23,1592.68,7.328,88.7,0.4111
2023-01-28 04:00:00,0.3869,307.5,22981.51,51.26,1586.18,7.303,88.53,0.4108
2023-01-28 08:00:00,0.3838,306.2,23012.54,50.53,1578.43,7.245,87.98,0.409
2023-01-28 12:00:00,0.3837,306.6,23039.35,50.73,1577.12,7.243,88.23,0.4096
2023-01-28 16:00:00,0.3819,306.1,23022.6,50.69,1572.1,7.211,89.67,0.4078
2023-01-28 20:00:00,0.3862,307.9,23193.43,56.21,1594.36,7.306,94.58,0.4101
2023-01-29 00:00:00,0.3862,308.6,23203.86,57.07,1592.58,7.32,94.4,0.4101
2023-01-29 04:00:00,0.3907,316.8,23432.17,57.12,1609.08,7.388,95.24,0.4122
2023-01-29 08:00:00,0.3889,318.4,23525.09,57.54,1611.44,7.353,95.31,0.412
2023-01-29 12:00:00,0.396,319.2,23897.84,57.67,1653.86,7.45,97.14,0.4159
2023-01-29 16:00:00,0.3975,317.2,23742.3,56.67,1644.72,7.372,94.84,0.4134
2023-01-29 20:00:00,0.3922,315.7,23701.44,56.95,1637.98,7.329,95.2,0.4137
2023-01-30 00:00:00,0.3894,312.6,23642.81,57.1,1627.45,7.218,93.89,0.4108
2023-01-30 04:00:00,0.3801,306.8,23077.47,59.03,1581.55,6.996,92.3,0.3976
2023-01-30 08:00:00,0.3822,308.8,23178.51,59.87,1585.18,7.026,92.19,0.4
2023-01-30 12:00:00,0.3725,305.2,22784.86,58.23,1554.24,6.897,89.98,0.3953
2023-01-30 16:00:00,0.3725,307.2,22826.15,59.22,1566.2,6.914,91.37,0.3934
2023-01-30 20:00:00,0.372,311.9,22835.01,62.03,1568.87,6.963,95.29,0.3915
2023-01-31 00:00:00,0.3746,311.8,22978.24,61.04,1580.04,7.033,94.71,0.3957
2023-01-31 04:00:00,0.3725,309.8,22865.43,60.18,1570.91,6.932,93.88,0.3999
2023-01-31 08:00:00,0.3959,312.6,23121.8,60.87,1588.99,6.993,95.0,0.4022
2023-01-31 12:00:00,0.3936,313.8,23163.88,60.08,1597.34,7.059,94.42,0.4099
2023-01-31 16:00:00,0.3902,312.0,23125.13,60.23,1585.33,6.952,94.09,0.4057
2023-01-31 20:00:00,0.3881,312.6,23130.19,60.74,1584.61,6.943,96.87,0.403
2023-02-01 00:00:00,0.3823,307.7,23076.68,60.17,1575.36,6.857,96.12,0.4002
2023-02-01 04:00:00,0.3821,308.1,23077.52,59.7,1580.87,6.842,95.93,0.4031
2023-02-01 08:00:00,0.3754,307.1,22979.73,58.32,1575.53,6.756,94.23,0.3978
2023-02-01 12:00:00,0.3874,314.5,23385.99,61.01,1617.48,7.008,98.21,0.4078
2023-02-01 16:00:00,0.397,317.0,23732.66,62.92,1641.68,7.214,100.33,0.4131
2023-02-01 20:00:00,0.4064,327.6,23848.6,63.35,1671.13,7.302,100.83,0.4127
2023-02-02 00:00:00,0.3999,328.7,23781.12,62.13,1664.21,7.234,99.95,0.4129
2023-02-02 04:00:00,0.4059,330.0,23820.49,62.38,1671.99,7.291,100.29,0.4146
2023-02-02 08:00:00,0.4048,328.3,23839.5,62.25,1678.14,7.291,100.44,0.4142
2023-02-02 12:00:00,0.4051,328.1,23802.57,61.85,1675.15,7.301,100.02,0.4133
2023-02-02 16:00:00,0.3981,323.5,23488.94,61.57,1643.12,7.099,98.64,0.4098
2023-02-02 20:00:00,0.3999,321.3,23534.18,62.41,1642.17,7.088,98.94,0.4112
2023-02-03 00:00:00,0.3994,322.6,23456.23,61.07,1637.49,7.11,98.04,0.4105
2023-02-03 04:00:00,0.4032,329.2,23534.13,62.01,1649.2,7.215,98.95,0.4108
2023-02-03 08:00:00,0.4033,331.5,23603.36,62.69,1663.93,7.289,99.15,0.4102
2023-02-03 12:00:00,0.4032,329.9,23307.99,62.96,1652.91,7.212,99.3,0.409
2023-02-03 16:00:00,0.4038,332.2,23431.9,62.79,1663.52,7.294,99.86,0.4117
2023-02-03 20:00:00,0.4003,329.3,23343.43,61.85,1654.36,7.17,98.8,0.4085
2023-02-04 00:00:00,0.4009,328.5,23329.18,61.72,1658.17,7.203,99.13,0.4096
2023-02-04 04:00:00,0.4006,329.2,23363.76,61.48,1661.92,7.207,99.07,0.4109
2023-02-04 08:00:00,0.4038,331.1,23421.45,62.0,1679.97,7.264,99.74,0.4132
2023-02-04 12:00:00,0.4045,330.3,23425.89,61.7,1675.93,7.319,99.4,0.4165
2023-02-04 16:00:00,0.3994,330.4,23326.84,61.48,1666.38,7.237,98.51,0.4106
2023-02-04 20:00:00,0.397,329.5,23344.53,60.43,1660.7,7.206,98.67,0.4086
2023-02-05 00:00:00,0.401,332.0,23377.4,60.92,1668.14,7.211,98.73,0.41
2023-02-05 04:00:00,0.3992,332.5,23356.33,60.63,1662.6,7.177,97.93,0.4092
2023-02-05 08:00:00,0.3908,326.7,23096.16,59.51,1644.18,7.001,96.77,0.4002
2023-02-05 12:00:00,0.3864,326.9,22891.8,59.03,1619.48,6.968,95.53,0.3978
2023-02-05 16:00:00,0.3923,327.8,22932.91,59.52,1629.02,6.985,96.63,0.3984
2023-02-05 20:00:00,0.3919,325.3,22895.48,59.61,1626.6,6.958,95.85,0.3982
2023-02-06 00:00:00,0.3924,326.9,22879.69,62.02,1635.41,7.014,96.46,0.3981
2023-02-06 04:00:00,0.3914,327.6,22878.23,61.91,1634.81,6.964,96.57,0.3976
2023-02-06 08:00:00,0.3944,330.0,23041.39,63.16,1649.01,7.037,97.29,0.4004
2023-02-06 12:00:00,0.3926,328.9,23031.03,62.75,1648.29,7.005,97.88,0.4027
2023-02-06 16:00:00,0.3823,324.3,22762.52,61.87,1614.29,6.832,95.93,0.392
2023-02-06 20:00:00,0.3863,326.6,22877.99,63.74,1633.47,6.932,99.59,0.3931
2023-02-07 00:00:00,0.3857,329.1,22910.91,63.43,1632.29,6.932,98.84,0.3956
2023-02-07 04:00:00,0.3884,330.0,22977.24,63.45,1640.71,7.03,99.49,0.3963
2023-02-07 08:00:00,0.3856,327.8,22904.89,65.27,1630.59,6.974,98.48,0.3945
2023-02-07 12:00:00,0.3922,330.6,23091.9,65.31,1656.35,7.077,100.2,0.4001
2023-02-07 16:00:00,0.3989,333.0,23240.46,65.73,1671.03,7.197,100.86,0.4036
2023-02-07 20:00:00,0.3988,331.7,23255.34,66.3,1680.97,7.206,101.52,0.4012
2023-02-08 00:00:00,0.3999,331.8,23232.68,65.91,1677.67,7.25,101.49,0.4018
2023-02-08 04:00:00,0.3984,331.6,23159.07,65.08,1673.9,7.226,101.29,0.402
2023-02-08 08:00:00,0.3923,327.3,22872.28,64.09,1653.08,7.09,98.75,0.3972
2023-02-08 12:00:00,0.3936,326.6,22874.89,64.26,1647.69,7.086,98.93,0.397
2023-02-08 16:00:00,0.3942,328.2,22963.0,64.0,1650.43,7.136,99.22,0.3975
2023-02-08 20:00:00,0.3821,319.6,22518.44,61.31,1619.05,6.938,95.93,0.3909
2023-02-09 00:00:00,0.3873,322.2,22676.41,62.64,1629.87,7.448,96.77,0.3939
2023-02-09 04:00:00,0.3862,320.7,22685.79,62.2,1633.15,7.532,96.6,0.3938
2023-02-09 08:00:00,0.3862,318.8,22610.94,61.74,1632.08,7.602,96.41,0.4018
2023-02-09 12:00:00,0.3721,311.5,22032.71,59.21,1579.81,7.328,91.73,0.3879
2023-02-09 16:00:00,0.3622,306.2,21796.35,57.3,1545.35,6.984,92.05,0.3819
2023-02-09 20:00:00,0.3611,306.7,21825.59,58.05,1543.22,6.952,92.1,0.3876
2023-02-10 00:00:00,0.3646,307.8,21911.71,58.48,1551.7,6.967,93.02,0.3866
2023-02-10 04:00:00,0.3599,306.5,21733.52,57.1,1537.03,6.943,91.72,0.3831
2023-02-10 08:00:00,0.3602,306.0,21654.09,57.67,1522.36,6.892,92.02,0.3799
2023-02-10 12:00:00,0.3647,308.5,21771.09,57.78,1534.28,7.006,94.1,0.3844
2023-02-10 16:00:00,0.3581,305.8,21625.19,57.8,1513.06,6.89,93.34,0.3817
2023-02-10 20:00:00,0.3617,308.1,21678.56,60.15,1520.38,6.915,94.63,0.3823
2023-02-11 00:00:00,0.3596,308.2,21692.63,59.83,1520.81,6.914,93.93,0.3816
2023-02-11 04:00:00,0.3603,308.5,21697.44,60.1,1520.16,6.915,93.73,0.3825
2023-02-11 08:00:00,0.3623,309.1,21735.78,60.79,1522.83,6.98,93.73,0.3823
2023-02-11 12:00:00,0.362,308.5,21662.63,61.85,1518.58,6.922,93.92,0.3812
2023-02-11 16:00:00,0.3684,310.4,21862.55,61.97,1538.51,7.003,94.28,0.3833
2023-02-11 20:00:00,0.3658,307.6,21781.38,61.55,1531.15,6.944,93.49,0.3813
2023-02-12 00:00:00,0.3661,307.0,21798.42,62.3,1530.83,6.941,93.12,0.3811
2023-02-12 04:00:00,0.3689,308.7,21888.31,62.84,1533.48,6.97,93.54,0.3825
2023-02-12 08:00:00,0.3699,312.9,21945.3,62.63,1536.09,6.981,93.55,0.3825
2023-02-12 12:00:00,0.3728,319.1,21997.18,62.53,1539.23,6.989,94.03,0.3836
2023-02-12 16:00:00,0.3641,312.6,21783.54,62.72,1514.83,6.808,92.51,0.3747
2023-02-12 20:00:00,0.3621,311.9,21808.6,62.85,1516.81,6.722,93.06,0.372
2023-02-13 00:00:00,0.3627,307.3,21867.69,63.48,1522.39,6.769,92.99,0.3758
2023-02-13 04:00:00,0.3516,292.6,21603.11,64.16,1486.07,6.558,90.85,0.3652
2023-02-13 08:00:00,0.3517,286.8,21563.02,62.04,1475.71,6.564,90.99,0.3666
2023-02-13 12:00:00,0.3538,288.9,21607.81,62.92,1490.78,6.594,89.85,0.3713
2023-02-13 16:00:00,0.3593,294.3,21773.97,63.14,1505.24,6.669,91.05,0.3703
2023-02-13 20:00:00,0.3561,290.8,21700.42,63.25,1498.23,6.618,90.55,0.3678
2023-02-14 00:00:00,0.3597,293.7,21768.48,62.73,1506.0,6.648,91.48,0.3703
2023-02-14 04:00:00,0.3621,292.7,21809.81,62.75,1507.7,6.624,91.76,0.3694
2023-02-14 08:00:00,0.3789,297.5,22041.45,67.95,1544.83,6.748,94.73,0.3756
2023-02-14 12:00:00,0.389,298.1,22208.65,67.49,1560.31,6.801,95.44,0.3795
2023-02-14 16:00:00,0.3867,296.2,22199.84,68.05,1555.71,6.808,95.82,0.3819
2023-02-14 20:00:00,0.3859,296.7,22099.49,68.6,1549.22,6.781,95.53,0.3803
2023-02-15 00:00:00,0.3837,297.0,22109.89,69.18,1547.56,6.773,96.0,0.3825
2023-02-15 04:00:00,0.3899,301.6,22445.13,69.44,1572.26,6.852,97.45,0.3859
2023-02-15 08:00:00,0.3909,303.2,22809.46,69.87,1579.5,6.915,97.41,0.387
2023-02-15 12:00:00,0.398,307.4,23318.9,70.6,1628.54,7.072,99.36,0.394
2023-02-15 16:00:00,0.419,317.4,24324.05,73.3,1674.92,7.281,102.82,0.4011
2023-02-15 20:00:00,0.4114,321.5,24732.42,76.15,1691.42,7.339,101.98,0.401
2023-02-16 00:00:00,0.4064,319.8,24612.95,75.55,1681.89,7.28,101.16,0.4
2023-02-16 04:00:00,0.4047,319.3,24568.55,75.03,1682.82,7.252,101.28,0.3976
2023-02-16 08:00:00,0.4127,324.6,25072.67,75.81,1724.14,7.384,103.52,0.4019
2023-02-16 12:00:00,0.4045,319.4,24872.58,75.08,1710.85,7.318,102.69,0.3997
2023-02-16 16:00:00,0.3874,304.4,23517.72,73.7,1637.84,7.011,98.55,0.3841
2023-02-16 20:00:00,0.3966,309.6,23838.64,73.03,1663.77,7.191,99.84,0.3902
2023-02-17 00:00:00,0.394,308.3,23637.04,72.91,1653.45,7.201,99.48,0.3874
2023-02-17 04:00:00,0.396,309.7,23789.82,72.6,1666.2,7.29,99.43,0.3877
2023-02-17 08:00:00,0.4008,310.2,24130.5,72.22,1673.11,7.333,99.4,0.3887
2023-02-17 12:00:00,0.4071,314.8,24524.49,73.33,1706.03,7.483,100.94,0.3953
2023-02-17 16:00:00,0.4033,313.0,24569.97,73.19,1693.87,7.65,100.12,0.395
2023-02-17 20:00:00,0.4039,315.1,24609.68,74.17,1699.46,7.61,100.84,0.395
2023-02-18 00:00:00,0.4008,316.6,24519.01,72.58,1690.72,7.596,101.08,0.3945
2023-02-18 04:00:00,0.3988,314.8,24519.42,72.05,1691.47,7.636,99.07,0.3928
2023-02-18 08:00:00,0.4044,316.5,24668.26,72.92,1695.5,8.182,100.16,0.3948
2023-02-18 12:00:00,0.4052,315.0,24608.34,72.34,1687.85,8.044,99.6,0.3936
2023-02-18 16:00:00,0.406,316.5,24631.95,71.99,1691.62,7.989,99.71,0.3943
2023-02-18 20:00:00,0.4023,315.1,24681.69,71.67,1695.42,8.018,99.79,0.3911
2023-02-19 00:00:00,0.4016,314.3,24582.62,71.15,1693.15,8.118,99.28,0.3912
2023-02-19 04:00:00,0.4054,315.7,24669.43,71.96,1695.36,8.168,99.36,0.3933
2023-02-19 08:00:00,0.4108,316.8,24922.21,72.3,1711.3,8.143,100.44,0.3961
2023-02-19 12:00:00,0.4014,312.7,24523.79,71.35,1684.8,7.882,97.99,0.3881
2023-02-19 16:00:00,0.3995,311.5,24271.76,70.54,1679.75,8.014,97.43,0.3863
2023-02-19 20:00:00,0.4017,316.4,24418.95,72.86,1684.38,8.008,97.74,0.3879
2023-02-20 00:00:00,0.4077,316.9,24503.65,73.65,1695.79,8.37,97.83,0.3908
2023-02-20 04:00:00,0.4072,318.1,24890.0,73.82,1713.77,8.136,97.62,0.393
2023-02-20 08:00:00,0.407,317.1,24942.87,72.71,1707.23,8.128,96.91,0.4027
2023-02-20 12:00:00,0.4058,314.7,24872.19,71.39,1709.76,8.027,94.89,0.4033
2023-02-20 16:00:00,0.4038,315.4,24842.2,72.35,1703.27,8.017,95.9,0.3984
2023-02-20 20:00:00,0.4017,315.5,24926.56,72.32,1703.03,7.96,96.04,0.3942
2023-02-21 00:00:00,0.404,316.2,24999.95,72.34,1704.05,7.974,95.95,0.3997
2023-02-21 04:00:00,0.3948,311.7,24572.83,70.79,1669.5,7.755,93.18,0.3901
2023-02-21 08:00:00,0.3929,312.9,24558.09,70.56,1671.97,7.744,93.42,0.3892
2023-02-21 12:00:00,0.3944,313.2,24602.88,70.46,1672.0,7.692,93.81,0.3941
2023-02-21 16:00:00,0.3925,311.5,24452.16,70.77,1659.76,7.64,93.8,0.3919
2023-02-21 20:00:00,0.3882,308.9,24201.85,71.14,1649.25,7.545,95.02,0.3902
2023-02-22 00:00:00,0.3848,307.5,24060.95,69.69,1643.86,7.483,95.08,0.3904
2023-02-22 04:00:00,0.386,307.9,24160.87,70.11,1644.49,7.471,95.01,0.3906
2023-02-22 08:00:00,0.3798,304.6,23713.61,69.31,1613.73,7.363,91.94,0.3883
2023-02-22 12:00:00,0.3828,307.8,23791.67,71.44,1616.1,7.568,93.7,0.3929
2023-02-22 16:00:00,0.3888,312.4,24182.21,73.44,1643.14,7.717,95.28,0.3953
2023-02-22 20:00:00,0.3917,313.1,24454.85,72.84,1667.44,7.891,95.62,0.3952
2023-02-23 00:00:00,0.3936,312.9,24376.27,72.74,1666.7,7.918,95.18,0.3964
2023-02-23 04:00:00,0.3844,307.0,23780.2,70.84,1637.48,7.854,93.73,0.3896
2023-02-23 08:00:00,0.3853,309.2,23950.92,71.12,1656.0,7.971,94.39,0.3894
2023-02-23 12:00:00,0.3836,309.2,23971.5,71.41,1653.13,7.892,94.43,0.3912
2023-02-23 16:00:00,0.3824,308.3,23940.2,70.96,1650.53,7.935,94.59,0.3882
2023-02-23 20:00:00,0.38,309.5,23954.05,70.5,1649.14,8.023,94.3,0.3894
2023-02-24 00:00:00,0.3812,310.8,23830.32,70.19,1651.7,8.103,93.99,0.3884
2023-02-24 04:00:00,0.3836,310.3,23883.72,70.77,1647.43,7.885,93.84,0.3889
2023-02-24 08:00:00,0.3719,303.7,23351.31,69.03,1602.94,7.592,91.84,0.3816
2023-02-24 12:00:00,0.3666,302.4,23182.27,69.4,1610.84,7.677,91.6,0.3777
2023-02-24 16:00:00,0.3658,302.3,23185.29,70.07,1607.8,7.466,91.55,0.3783
2023-02-24 20:00:00,0.3638,300.5,23077.64,69.15,1598.52,7.383,91.5,0.3777
2023-02-25 00:00:00,0.3665,301.7,23117.16,69.2,1603.99,7.407,91.98,0.3779
2023-02-25 04:00:00,0.3626,300.6,22983.85,68.92,1600.05,7.37,92.23,0.3777
2023-02-25 08:00:00,0.3641,301.5,23006.18,69.68,1597.06,7.349,91.48,0.3775
2023-02-25 12:00:00,0.3583,300.5,22983.05,69.01,1584.61,7.322,92.07,0.3758
2023-02-25 16:00:00,0.362,302.4,23157.07,69.43,1594.58,7.373,93.15,0.3778
2023-02-25 20:00:00,0.3613,303.3,23214.53,70.68,1602.75,7.417,93.6,0.3783
2023-02-26 00:00:00,0.3617,303.0,23154.57,70.65,1599.84,7.404,94.01,0.3778
2023-02-26 04:00:00,0.3641,303.4,23253.44,70.5,1603.9,7.438,93.87,0.3767
2023-02-26 08:00:00,0.3625,304.4,23247.23,71.0,1605.09,7.383,94.01,0.3761
2023-02-26 12:00:00,0.3673,308.6,23499.33,73.19,1633.11,7.484,95.12,0.3792
2023-02-26 16:00:00,0.3691,308.7,23554.85,74.07,1641.36,7.497,95.27,0.3779
2023-02-26 20:00:00,0.3665,308.1,23551.62,73.47,1640.67,7.433,94.87,0.3764
2023-02-27 00:00:00,0.3628,305.2,23423.31,73.14,1636.33,7.336,94.3,0.3743
2023-02-27 04:00:00,0.3635,305.1,23428.87,72.95,1641.23,7.288,94.52,0.3737
2023-02-27 08:00:00,0.3662,304.9,23559.4,74.41,1644.26,7.368,94.63,0.3773
2023-02-27 12:00:00,0.3601,303.1,23276.35,73.54,1622.12,7.191,93.17,0.3773
2023-02-27 16:00:00,0.3647,304.6,23492.09,74.33,1633.45,7.274,94.07,0.3785
2023-02-27 20:00:00,0.3667,305.1,23467.52,73.2,1632.89,7.29,94.3,0.3757
2023-02-28 00:00:00,0.3601,301.7,23236.68,71.89,1619.24,7.261,93.37,0.3743
2023-02-28 04:00:00,0.3625,302.3,23392.69,72.45,1629.53,7.326,95.02,0.377
2023-02-28 08:00:00,0.363,304.5,23518.3,72.64,1641.3,7.408,95.68,0.3797
2023-02-28 12:00:00,0.3546,302.0,23264.36,72.53,1628.01,7.258,94.57,0.3801
2023-02-28 16:00:00,0.3517,301.4,23141.57,71.59,1605.23,7.195,93.8,0.3762
2023-02-28 20:00:00,0.3578,304.2,23441.14,72.62,1638.38,7.354,96.08,0.3766
2023-03-01 00:00:00,0.3603,303.5,23716.06,73.34,1650.91,7.398,97.4,0.3822
2023-03-01 04:00:00,0.3631,303.4,23739.17,73.35,1656.33,7.472,97.72,0.3801
2023-03-01 08:00:00,0.3614,303.4,23711.09,72.91,1657.47,7.433,97.56,0.3816
2023-03-01 12:00:00,0.3566,300.9,23355.14,72.76,1634.79,7.357,96.65,0.3805
2023-03-01 16:00:00,0.3601,302.7,23628.97,74.13,1665.22,7.536,97.78,0.3835
2023-03-01 20:00:00,0.3558,299.9,23494.29,73.16,1647.94,7.393,96.95,0.3777
2023-03-02 00:00:00,0.3551,299.1,23391.87,73.02,1644.22,7.356,97.32,0.3789
2023-03-02 04:00:00,0.3513,299.0,23414.73,72.59,1644.49,7.323,96.26,0.3783
2023-03-02 08:00:00,0.3479,297.8,23361.11,71.71,1628.31,7.231,94.59,0.3758
2023-03-02 12:00:00,0.35,300.5,23463.99,72.2,1648.48,7.274,94.93,0.3809
2023-03-02 16:00:00,0.3504,299.8,23465.32,72.5,1647.86,7.275,95.39,0.3772
2023-03-02 20:00:00,0.3301,290.2,22319.69,67.8,1565.44,6.814,88.79,0.3645
2023-03-03 00:00:00,0.3369,291.0,22360.78,68.16,1568.08,6.867,88.98,0.3651
2023-03-03 04:00:00,0.3387,289.7,22342.92,68.9,1564.57,6.894,88.96,0.3675
2023-03-03 08:00:00,0.3373,289.0,22336.33,68.46,1566.5,6.898,89.41,0.3674
2023-03-03 12:00:00,0.3395,289.6,22358.48,68.77,1565.39,6.919,90.12,0.3708
2023-03-03 16:00:00,0.3431,290.4,22354.34,69.37,1569.45,6.958,90.56,0.3774
2023-03-03 20:00:00,0.3409,290.1,22346.66,69.5,1570.84,6.915,90.3,0.3756
2023-03-04 00:00:00,0.3416,290.2,22359.09,69.13,1568.83,6.913,89.87,0.3759
2023-03-04 04:00:00,0.3417,291.2,22349.46,68.97,1569.24,6.969,89.94,0.3753
2023-03-04 08:00:00,0.3398,290.1,22317.87,68.0,1561.87,6.924,89.57,0.375
2023-03-04 12:00:00,0.3356,288.6,22250.78,67.11,1559.47,6.839,88.84,0.3729
2023-03-04 16:00:00,0.3366,289.6,22346.57,67.38,1566.73,6.857,89.34,0.3735
2023-03-04 20:00:00,0.3398,290.5,22387.02,67.61,1567.85,6.941,90.56,0.3742
2023-03-05 00:00:00,0.3389,290.5,22375.7,66.67,1568.62,6.919,90.75,0.3728
2023-03-05 04:00:00,0.3384,291.2,22389.77,67.05,1568.5,6.933,90.87,0.3715
2023-03-05 08:00:00,0.3386,291.0,22436.18,66.84,1569.22,6.95,90.5,0.3708
2023-03-05 12:00:00,0.3369,289.5,22403.45,66.14,1566.22,6.959,90.12,0.3681
2023-03-05 16:00:00,0.337,288.7,22430.24,65.32,1564.58,6.945,89.93,0.3668
2023-03-05 20:00:00,0.3353,286.9,22387.19,63.84,1562.59,6.872,88.97,0.3659
2023-03-06 00:00:00,0.333,285.1,22392.74,62.74,1561.18,6.886,88.02,0.3628
2023-03-06 04:00:00,0.3312,284.2,22379.57,62.34,1563.33,6.876,87.53,0.3612
2023-03-06 08:00:00,0.3358,287.9,22553.42,63.43,1578.0,6.964,88.71,0.3674
2023-03-06 12:00:00,0.3317,287.5,22393.35,62.4,1566.19,6.895,87.94,0.3717
2023-03-06 16:00:00,0.3305,287.8,22410.0,62.48,1565.84,6.854,87.36,0.3695
2023-03-06 20:00:00,0.333,288.4,22460.54,62.96,1575.1,6.948,87.71,0.3682
2023-03-07 00:00:00,0.3309,287.1,22419.71,62.5,1571.35,6.901,88.19,0.3697
2023-03-07 04:00:00,0.3262,285.5,22351.02,60.77,1563.42,6.808,85.64,0.3708
2023-03-07 08:00:00,0.3276,287.3,22320.9,61.95,1560.79,6.808,86.08,0.3787
2023-03-07 12:00:00,0.3308,287.3,22124.77,61.25,1551.26,6.705,86.04,0.3803
2023-03-07 16:00:00,0.3306,289.3,22197.96,62.06,1561.96,6.881,86.29,0.3801
2023-03-07 20:00:00,0.3285,289.6,22152.52,61.38,1562.31,6.877,85.68,0.3787
2023-03-08 00:00:00,0.3225,285.8,21971.03,60.3,1551.29,6.793,84.67,0.3763
2023-03-08 04:00:00,0.3242,287.9,22072.45,61.15,1557.23,6.8,85.29,0.387
2023-03-08 08:00:00,0.3253,292.7,22140.8,60.36,1560.39,6.719,84.6,0.3969
2023-03-08 12:00:00,0.3218,289.6,21997.25,59.78,1552.73,6.612,83.4,0.3958
2023-03-08 16:00:00,0.3175,287.1,21705.44,58.16,1532.38,6.577,82.76,0.3889
2023-03-08 20:00:00,0.3194,289.6,21769.66,59.3,1541.74,6.61,83.33,0.3887
2023-03-09 00:00:00,0.3164,289.1,21688.54,58.42,1536.91,6.599,82.85,0.3905
2023-03-09 04:00:00,0.3176,289.5,21669.38,59.34,1535.32,6.603,83.66,0.3931
2023-03-09 08:00:00,0.3185,289.3,21648.57,59.8,1534.04,6.603,83.92,0.3931
2023-03-09 12:00:00,0.3096,280.1,20854.93,57.51,1488.27,6.298,81.08,0.3788
2023-03-09 16:00:00,0.3101,277.1,20362.22,54.7,1437.32,6.16,76.68,0.3706
2023-03-09 20:00:00,0.3086,273.9,20052.07,52.96,1426.34,6.166,75.23,0.374
2023-03-10 00:00:00,0.3066,273.3,19953.58,51.15,1412.27,6.17,73.53,0.3704
2023-03-10 04:00:00,0.3039,267.4,19760.78,48.48,1384.6,6.061,69.52,0.3615
2023-03-10 08:00:00,0.3133,274.5,20004.96,49.54,1417.03,6.213,70.79,0.3689
2023-03-10 12:00:00,0.3108,277.0,20024.32,49.63,1423.5,6.228,71.66,0.3683
2023-03-10 16:00:00,0.3149,277.4,20150.69,49.93,1426.44,6.215,71.37,0.37
2023-03-10 20:00:00,0.3163,278.9,20393.88,49.26,1458.31,6.232,72.26,0.3688
2023-03-11 00:00:00,0.3082,272.1,19850.81,44.31,1416.65,5.995,65.69,0.3626
2023-03-11 04:00:00,0.3079,274.9,20086.07,44.43,1427.1,6.01,67.41,0.3618
2023-03-11 08:00:00,0.3029,272.2,20061.98,45.18,1428.01,5.955,66.8,0.3617
2023-03-11 12:00:00,0.3038,272.5,20220.96,45.41,1449.22,6.092,68.47,0.362
2023-03-11 16:00:00,0.3051,276.0,20455.73,46.74,1471.97,6.162,69.21,0.3638
2023-03-11 20:00:00,0.3054,276.6,20376.46,46.28,1467.0,6.149,68.89,0.3631
2023-03-12 00:00:00,0.3026,275.8,20346.71,46.05,1459.56,6.146,68.51,0.3596
2023-03-12 04:00:00,0.3066,276.3,20445.43,46.05,1465.17,6.125,68.49,0.3605
2023-03-12 08:00:00,0.3026,273.8,20358.96,45.63,1455.88,6.097,67.88,0.3524
2023-03-12 12:00:00,0.3123,277.8,20779.54,48.02,1512.57,6.246,70.98,0.3564
2023-03-12 16:00:00,0.3298,288.1,21997.11,53.23,1580.33,6.551,76.26,0.3714
2023-03-12 20:00:00,0.3371,286.7,22231.62,52.95,1588.43,6.577,77.5,0.3663
2023-03-13 00:00:00,0.3395,304.8,22458.72,53.59,1606.84,6.636,77.94,0.3675
2023-03-13 04:00:00,0.3313,296.9,22106.64,52.06,1581.07,6.467,75.5,0.3601
2023-03-13 08:00:00,0.346,308.8,23981.72,55.88,1664.68,6.759,81.03,0.3731
2023-03-13 12:00:00,0.3425,306.8,24279.91,55.55,1677.68,6.733,81.25,0.3717
2023-03-13 16:00:00,0.3433,307.9,24113.48,56.36,1673.45,6.761,81.46,0.3724
2023-03-13 20:00:00,0.3445,306.2,24374.2,55.83,1677.57,6.755,81.3,0.3709
2023-03-14 00:00:00,0.3403,304.1,24247.64,55.02,1666.63,6.684,80.18,0.3679
2023-03-14 04:00:00,0.3416,306.1,24743.04,54.99,1683.65,6.677,80.84,0.3677
2023-03-14 08:00:00,0.3646,317.5,25894.67,60.04,1770.03,7.147,87.68,0.3843
2023-03-14 12:00:00,0.3504,311.0,25054.15,58.44,1720.3,7.0,84.19,0.3772
2023-03-14 16:00:00,0.3418,307.0,24403.62,57.92,1692.31,6.9,82.75,0.372
